-- MySQL dump 10.13  Distrib 8.0.23, for Win64 (x86_64)
--
-- Host: localhost    Database: vk
-- ------------------------------------------------------
-- Server version	8.0.23

/*!40101 SET @OLD_CHARACTER_SET_CLIENT=@@CHARACTER_SET_CLIENT */;
/*!40101 SET @OLD_CHARACTER_SET_RESULTS=@@CHARACTER_SET_RESULTS */;
/*!40101 SET @OLD_COLLATION_CONNECTION=@@COLLATION_CONNECTION */;
/*!50503 SET NAMES utf8mb4 */;
/*!40103 SET @OLD_TIME_ZONE=@@TIME_ZONE */;
/*!40103 SET TIME_ZONE='+00:00' */;
/*!40014 SET @OLD_UNIQUE_CHECKS=@@UNIQUE_CHECKS, UNIQUE_CHECKS=0 */;
/*!40014 SET @OLD_FOREIGN_KEY_CHECKS=@@FOREIGN_KEY_CHECKS, FOREIGN_KEY_CHECKS=0 */;
/*!40101 SET @OLD_SQL_MODE=@@SQL_MODE, SQL_MODE='NO_AUTO_VALUE_ON_ZERO' */;
/*!40111 SET @OLD_SQL_NOTES=@@SQL_NOTES, SQL_NOTES=0 */;

--
-- Table structure for table `communities`
--

DROP TABLE IF EXISTS `communities`;
/*!40101 SET @saved_cs_client     = @@character_set_client */;
/*!50503 SET character_set_client = utf8mb4 */;
CREATE TABLE `communities` (
  `id` int unsigned NOT NULL AUTO_INCREMENT COMMENT '????????????? ?????',
  `owner_id` int unsigned NOT NULL,
  `name` varchar(150) CHARACTER SET utf8mb4 COLLATE utf8mb4_unicode_ci NOT NULL COMMENT '???????? ??????',
  `created_at` datetime DEFAULT CURRENT_TIMESTAMP COMMENT '????? ???????? ??????',
  `updated_at` datetime DEFAULT CURRENT_TIMESTAMP ON UPDATE CURRENT_TIMESTAMP COMMENT '????? ?????????? ??????',
  PRIMARY KEY (`id`),
  UNIQUE KEY `name` (`name`)
) ENGINE=InnoDB AUTO_INCREMENT=101 DEFAULT CHARSET=utf8mb4 COLLATE=utf8mb4_unicode_ci COMMENT='??????';
/*!40101 SET character_set_client = @saved_cs_client */;

--
-- Dumping data for table `communities`
--

LOCK TABLES `communities` WRITE;
/*!40000 ALTER TABLE `communities` DISABLE KEYS */;
INSERT INTO `communities` VALUES (1,89,'voluptas','2013-10-24 09:30:26','2021-02-19 02:37:38'),(2,14,'excepturi','2020-04-10 23:54:29','2021-02-19 02:37:38'),(3,3,'id','2015-09-01 11:09:59','2021-02-19 02:37:38'),(4,70,'quis','2014-07-01 23:11:50','2021-02-19 02:37:38'),(5,43,'accusantium','2015-03-23 02:45:17','2021-02-19 02:37:38'),(6,3,'dolor','2014-10-07 02:02:50','2021-02-19 02:37:38'),(7,87,'tenetur','2017-06-19 20:01:08','2021-02-19 02:37:38'),(8,27,'soluta','2015-12-05 21:08:37','2021-02-19 02:37:38'),(9,70,'eveniet','2017-12-24 20:43:30','2021-02-19 02:37:38'),(10,72,'eius','2017-01-13 09:37:42','2021-02-19 02:37:38'),(11,48,'assumenda','2014-09-18 00:16:49','2021-02-19 02:37:38'),(12,22,'quia','2019-03-22 13:23:49','2021-02-19 02:37:38'),(13,68,'et','2014-02-13 07:38:09','2021-02-19 02:37:38'),(14,71,'deleniti','2015-02-07 03:43:37','2021-02-19 02:37:38'),(15,52,'architecto','2013-03-20 10:15:06','2021-02-19 02:37:38'),(16,48,'neque','2018-06-18 11:18:31','2021-02-19 02:37:38'),(17,83,'eos','2017-03-08 09:43:10','2021-02-19 02:37:38'),(18,68,'quam','2020-03-18 21:30:11','2021-02-19 02:37:38'),(19,93,'incidunt','2017-07-06 12:51:56','2021-02-19 02:37:38'),(20,59,'facilis','2012-02-08 06:48:37','2021-02-19 02:37:38');
/*!40000 ALTER TABLE `communities` ENABLE KEYS */;
UNLOCK TABLES;

--
-- Table structure for table `communities_users`
--

DROP TABLE IF EXISTS `communities_users`;
/*!40101 SET @saved_cs_client     = @@character_set_client */;
/*!50503 SET character_set_client = utf8mb4 */;
CREATE TABLE `communities_users` (
  `community_id` int unsigned NOT NULL COMMENT '?????? ?? ??????',
  `user_id` int unsigned NOT NULL COMMENT '?????? ?? ????????????',
  `created_at` datetime DEFAULT CURRENT_TIMESTAMP COMMENT '????? ???????? ??????',
  PRIMARY KEY (`community_id`,`user_id`) COMMENT '????????? ????????? ????'
) ENGINE=InnoDB DEFAULT CHARSET=utf8mb4 COLLATE=utf8mb4_unicode_ci COMMENT='????????? ?????, ????? ????? ?????????????? ? ????????';
/*!40101 SET character_set_client = @saved_cs_client */;

--
-- Dumping data for table `communities_users`
--

LOCK TABLES `communities_users` WRITE;
/*!40000 ALTER TABLE `communities_users` DISABLE KEYS */;
INSERT INTO `communities_users` VALUES (1,13,'2013-07-16 19:24:43'),(1,38,'2013-02-03 06:10:23'),(1,55,'2018-12-07 11:58:36'),(1,63,'2018-10-12 15:13:20'),(1,75,'2013-04-14 17:14:14'),(1,77,'2012-06-22 20:32:01'),(1,82,'2017-06-01 22:52:22'),(2,20,'2017-03-30 12:12:45'),(2,27,'2020-11-17 20:24:57'),(2,39,'2011-07-23 01:14:23'),(2,45,'2014-01-30 13:52:44'),(2,50,'2015-03-05 17:05:39'),(2,79,'2018-03-12 23:24:30'),(2,83,'2017-07-01 14:12:19'),(2,86,'2017-11-07 13:49:04'),(2,90,'2014-07-15 20:15:11'),(3,95,'2016-10-23 10:47:57'),(4,21,'2016-03-27 18:53:55'),(4,40,'2019-04-19 20:15:15'),(4,47,'2012-07-11 22:28:35'),(4,98,'2017-11-07 01:05:36'),(5,25,'2011-03-16 08:11:20'),(5,49,'2017-09-25 23:18:32'),(5,73,'2015-01-02 17:46:50'),(5,84,'2013-01-26 17:54:37'),(6,2,'2016-06-12 03:07:24'),(6,62,'2013-12-28 01:51:10'),(6,97,'2019-04-30 17:28:31'),(7,17,'2019-08-05 15:51:39'),(7,48,'2015-06-07 21:28:34'),(7,64,'2014-11-29 04:46:10'),(7,100,'2018-03-22 19:43:36'),(8,3,'2020-08-29 22:48:09'),(8,9,'2015-10-11 02:54:07'),(8,11,'2017-10-12 23:59:45'),(8,24,'2013-08-07 21:12:03'),(8,32,'2013-12-22 07:31:40'),(8,70,'2018-10-28 17:34:24'),(8,72,'2020-07-22 00:37:15'),(8,81,'2020-06-28 11:21:03'),(9,12,'2017-09-26 16:05:49'),(9,19,'2020-05-09 22:02:40'),(9,31,'2017-02-11 03:31:45'),(9,58,'2015-03-19 00:02:47'),(9,61,'2020-09-21 09:13:13'),(9,66,'2015-05-21 05:40:56'),(9,76,'2014-09-14 11:24:10'),(9,87,'2014-04-13 11:27:30'),(10,10,'2019-11-11 05:13:42'),(10,34,'2012-12-14 00:55:11'),(10,46,'2012-10-22 10:50:13'),(10,65,'2013-05-29 02:44:54'),(11,33,'2016-11-24 21:25:46'),(11,54,'2016-11-16 13:15:11'),(11,57,'2017-08-13 17:34:26'),(12,59,'2015-07-09 22:28:50'),(12,68,'2013-10-05 00:18:17'),(12,91,'2016-10-01 21:53:10'),(12,93,'2020-09-30 14:42:32'),(13,28,'2020-06-06 11:30:36'),(13,44,'2020-02-03 20:36:28'),(13,60,'2019-06-15 13:41:20'),(13,69,'2017-04-27 08:34:05'),(13,89,'2012-10-27 08:24:08'),(14,1,'2019-02-09 00:36:16'),(14,18,'2016-07-15 19:39:01'),(14,22,'2021-01-21 02:42:17'),(14,41,'2016-08-21 18:55:51'),(14,92,'2011-08-17 12:28:34'),(15,5,'2017-07-30 23:45:08'),(15,29,'2018-06-02 18:36:00'),(15,37,'2016-08-13 10:27:33'),(15,43,'2020-12-15 13:00:40'),(15,56,'2019-04-22 15:34:38'),(15,96,'2013-05-21 15:45:10'),(16,8,'2013-04-11 08:44:41'),(16,14,'2019-10-08 08:19:22'),(16,67,'2012-05-18 12:37:35'),(17,6,'2015-06-28 10:57:54'),(17,7,'2018-06-05 04:53:53'),(17,51,'2018-05-05 02:46:51'),(17,53,'2011-04-22 05:31:59'),(17,78,'2016-10-16 21:03:30'),(18,15,'2011-06-20 16:19:55'),(18,23,'2017-10-30 14:35:05'),(18,35,'2013-08-03 02:52:41'),(18,36,'2016-06-30 03:41:55'),(18,52,'2013-07-01 14:05:02'),(18,71,'2013-02-11 18:57:17'),(19,26,'2020-09-12 14:52:29'),(19,30,'2011-07-04 09:28:42'),(19,74,'2011-04-18 14:16:46'),(19,80,'2017-08-08 03:37:15'),(19,85,'2014-06-27 17:56:08'),(20,4,'2016-11-24 09:59:42'),(20,16,'2014-03-06 05:39:08'),(20,42,'2014-03-02 07:59:54'),(20,88,'2012-10-06 15:20:33'),(20,94,'2013-06-24 22:37:31'),(20,99,'2017-11-23 10:19:04');
/*!40000 ALTER TABLE `communities_users` ENABLE KEYS */;
UNLOCK TABLES;

--
-- Table structure for table `friendship`
--

DROP TABLE IF EXISTS `friendship`;
/*!40101 SET @saved_cs_client     = @@character_set_client */;
/*!50503 SET character_set_client = utf8mb4 */;
CREATE TABLE `friendship` (
  `user_id` int unsigned NOT NULL COMMENT '?????? ?? ?????????? ????????? ?????????',
  `friend_id` int unsigned NOT NULL COMMENT '?????? ?? ?????????? ??????????? ???????',
  `friendship_status_id` int unsigned NOT NULL COMMENT '?????? ?? ?????? (??????? ?????????) ?????????',
  `requested_at` datetime DEFAULT CURRENT_TIMESTAMP COMMENT '????? ??????????? ??????????? ???????',
  `confirmed_at` datetime DEFAULT NULL COMMENT '????? ????????????? ???????????',
  `created_at` datetime DEFAULT CURRENT_TIMESTAMP COMMENT '????? ???????? ??????',
  `updated_at` datetime DEFAULT CURRENT_TIMESTAMP ON UPDATE CURRENT_TIMESTAMP COMMENT '????? ?????????? ??????',
  PRIMARY KEY (`user_id`,`friend_id`) COMMENT '????????? ????????? ????'
) ENGINE=InnoDB DEFAULT CHARSET=utf8mb4 COLLATE=utf8mb4_unicode_ci COMMENT='??????? ??????';
/*!40101 SET character_set_client = @saved_cs_client */;

--
-- Dumping data for table `friendship`
--

LOCK TABLES `friendship` WRITE;
/*!40000 ALTER TABLE `friendship` DISABLE KEYS */;
INSERT INTO `friendship` VALUES (1,69,3,'2014-03-08 17:38:42','2017-08-28 11:35:20','2018-05-27 00:17:53','2020-10-18 16:37:40'),(2,62,1,'2021-02-19 01:02:09','2011-05-06 15:43:26','2013-07-15 05:31:24','2021-02-19 02:36:20'),(3,5,3,'2015-05-07 17:53:08','2017-06-11 04:20:55','2011-08-26 15:21:41','2021-02-19 02:36:20'),(4,60,1,'2021-02-19 01:02:09','2014-08-28 01:57:20','2017-09-22 22:57:23','2021-02-19 02:36:20'),(5,75,1,'2014-12-31 08:40:02','2016-08-14 17:52:55','2014-04-15 07:05:19','2021-02-19 01:00:10'),(6,7,1,'2021-02-19 01:02:09','2015-07-01 13:41:43','2017-02-21 20:07:08','2021-02-19 02:36:20'),(7,90,1,'2021-02-19 01:02:09','2016-11-09 07:25:32','2011-07-11 16:29:30','2021-02-19 02:36:20'),(8,50,3,'2021-02-19 01:02:09','2015-01-21 18:06:57','2019-07-16 07:26:43','2021-02-19 02:36:20'),(9,80,1,'2013-08-15 02:55:26','2016-03-12 10:21:11','2020-09-02 14:06:59','2021-02-19 01:00:10'),(10,67,1,'2013-08-13 22:03:10','2019-11-06 13:24:33','2018-04-03 18:21:21','2021-02-19 02:36:20'),(11,26,1,'2011-09-30 10:03:15','2015-03-12 02:42:56','2020-07-27 20:04:01','2021-02-19 02:36:20'),(12,82,2,'2018-09-29 01:32:56','2018-11-20 12:14:05','2016-11-18 20:28:29','2021-02-19 02:36:20'),(13,81,1,'2014-08-16 05:44:10','2020-09-23 18:14:46','2017-07-13 09:16:52','2021-02-19 01:00:10'),(14,2,3,'2012-07-03 21:11:39','2013-01-06 09:56:05','2013-08-29 21:25:58','2021-02-19 02:36:20'),(15,53,1,'2011-06-19 03:31:09','2017-06-05 09:44:27','2018-02-09 16:58:06','2021-02-19 01:00:10'),(16,48,2,'2012-02-25 14:11:17','2018-05-14 01:56:16','2013-08-09 22:23:36','2021-02-19 02:36:20'),(17,77,3,'2015-11-19 02:03:18','2018-04-30 17:36:34','2017-06-29 18:00:14','2021-02-19 02:36:20'),(18,78,1,'2021-02-19 01:02:09','2013-03-21 18:13:00','2018-07-13 15:35:39','2021-02-19 01:02:09'),(19,88,1,'2021-02-19 01:02:09','2016-02-09 21:50:25','2015-05-02 08:37:57','2021-02-19 02:36:20'),(20,38,3,'2021-02-19 01:02:09','2013-05-17 10:23:30','2017-01-09 19:18:24','2021-02-19 02:36:20'),(21,31,1,'2014-05-26 01:19:24','2019-09-21 14:33:45','2016-09-16 15:16:25','2021-02-19 02:36:20'),(22,47,1,'2021-02-19 01:02:09','2014-02-21 23:07:43','2020-05-07 12:34:28','2021-02-19 01:02:09'),(23,21,1,'2021-02-19 01:02:09','2011-08-14 08:48:50','2018-11-18 02:23:38','2021-02-19 02:36:20'),(24,97,3,'2021-02-19 01:02:09','2014-04-19 15:08:10','2019-04-16 15:21:18','2021-02-19 01:02:09'),(25,63,2,'2013-04-11 02:29:30','2016-07-09 18:44:01','2014-01-10 06:23:09','2021-02-19 02:36:20'),(26,85,2,'2014-04-12 14:08:24','2016-04-05 08:44:55','2016-10-06 16:12:45','2021-02-19 02:36:20'),(27,87,2,'2021-02-19 01:02:09','2014-08-22 08:05:59','2017-05-26 07:12:29','2021-02-19 01:02:09'),(28,1,3,'2021-02-19 01:02:09','2017-04-06 15:16:08','2017-10-06 04:48:59','2021-02-19 02:36:20'),(29,92,2,'2021-02-19 01:02:09','2013-02-01 08:04:23','2011-09-15 05:20:06','2021-02-19 02:36:20'),(30,34,2,'2021-02-19 01:02:09','2018-05-14 13:30:05','2014-01-01 13:51:04','2021-02-19 02:36:20'),(31,100,1,'2013-11-03 22:40:05','2017-03-15 02:36:06','2011-09-14 19:55:35','2021-02-19 02:36:20'),(32,57,3,'2012-10-12 05:52:25','2017-11-01 16:44:07','2021-01-11 16:33:20','2021-02-19 02:36:20'),(33,16,2,'2011-08-12 01:44:40','2020-08-02 13:44:15','2012-04-19 18:21:49','2021-02-19 02:36:20'),(34,10,1,'2021-02-19 01:02:09','2016-02-25 02:50:26','2011-10-21 16:37:57','2021-02-19 02:36:20'),(35,74,2,'2021-02-19 01:02:09','2013-09-27 10:47:33','2020-05-09 01:31:32','2021-02-19 01:02:09'),(36,4,3,'2021-02-19 01:02:09','2013-10-18 10:05:14','2019-04-09 09:30:30','2021-02-19 02:36:20'),(37,72,3,'2017-10-06 15:31:10','2021-01-21 12:40:23','2015-11-25 19:30:24','2018-11-24 07:55:22'),(38,71,3,'2014-07-19 20:38:39','2020-08-17 05:13:32','2016-02-22 14:27:16','2021-02-19 02:36:20'),(39,3,3,'2021-02-19 01:02:09','2012-06-13 22:19:18','2017-08-30 17:23:23','2021-02-19 01:02:09'),(40,19,2,'2011-02-21 16:22:24','2013-04-25 18:46:19','2012-11-08 03:24:14','2021-02-19 02:36:20'),(41,99,2,'2014-03-02 11:05:53','2015-09-28 05:08:58','2015-08-01 09:55:56','2016-01-21 05:34:38'),(42,68,2,'2021-02-19 01:02:09','2012-04-29 20:43:39','2011-08-09 01:52:57','2021-02-19 02:36:20'),(43,45,1,'2012-11-09 23:16:43','2018-09-22 12:48:51','2013-12-10 08:34:16','2021-02-19 02:36:20'),(44,37,1,'2021-02-19 01:02:09','2014-05-13 13:34:16','2020-09-01 23:12:44','2021-02-19 01:02:09'),(45,52,1,'2015-10-16 22:21:08','2020-05-25 00:54:00','2018-09-29 05:38:36','2021-02-19 02:36:20'),(46,49,1,'2013-10-06 08:12:51','2019-05-29 14:06:19','2013-11-10 04:17:09','2021-02-19 02:36:20'),(47,79,2,'2013-05-10 22:44:57','2014-11-28 09:34:04','2016-01-04 20:06:21','2021-02-19 02:36:20'),(48,51,3,'2021-02-19 01:02:09','2013-05-03 05:42:48','2018-12-26 03:39:07','2021-02-19 02:36:20'),(49,14,2,'2021-02-19 01:02:09','2012-07-29 01:31:47','2018-08-20 04:35:55','2021-02-19 02:36:20'),(50,9,1,'2021-02-19 01:02:09','2017-01-16 15:10:51','2012-03-21 14:28:17','2021-02-19 02:36:20'),(51,35,1,'2012-01-03 01:38:59','2018-11-28 15:22:10','2019-11-04 07:27:36','2021-02-19 01:00:10'),(52,13,1,'2021-02-19 01:02:09','2014-03-03 02:03:23','2020-09-27 04:44:16','2021-02-19 02:36:20'),(53,86,3,'2011-09-30 22:13:05','2016-08-19 04:52:33','2013-01-23 07:20:21','2021-02-19 02:36:20'),(54,24,3,'2021-02-19 01:02:09','2013-11-05 02:05:50','2019-02-24 06:49:46','2021-02-19 02:36:20'),(55,29,1,'2021-02-19 01:02:09','2013-02-03 18:24:38','2013-11-18 10:16:51','2021-02-19 01:02:09'),(56,28,1,'2012-10-03 12:29:12','2013-06-06 08:06:03','2013-02-08 06:28:20','2020-07-26 11:19:12'),(57,73,2,'2013-07-12 03:01:28','2015-11-26 05:27:06','2013-01-08 07:24:52','2021-02-19 02:36:20'),(58,20,3,'2011-10-31 09:53:15','2018-11-11 06:03:33','2017-04-18 03:59:44','2021-02-19 01:00:10'),(59,23,3,'2013-11-17 20:34:32','2015-05-22 16:45:30','2017-07-16 01:49:06','2021-02-19 02:36:20'),(60,44,1,'2021-02-19 01:02:09','2012-02-13 06:18:09','2013-05-04 21:13:05','2021-02-19 02:36:20'),(61,8,2,'2011-06-29 03:37:22','2012-06-08 18:30:52','2019-06-14 17:17:56','2021-02-19 02:36:20'),(62,15,2,'2021-02-19 01:02:09','2011-10-02 17:18:52','2018-08-30 03:54:35','2021-02-19 02:36:20'),(63,95,3,'2021-02-19 01:02:09','2015-10-08 10:01:41','2018-09-22 15:14:51','2021-02-19 02:36:20'),(64,65,3,'2021-02-19 01:02:09','2011-09-26 23:13:07','2017-04-30 11:08:17','2021-02-19 02:36:20'),(65,96,1,'2021-02-19 01:02:09','2011-08-05 19:20:37','2018-01-31 04:01:23','2021-02-19 01:02:09'),(66,93,1,'2021-02-19 01:02:09','2014-01-25 01:34:19','2013-04-01 19:12:50','2021-02-19 01:02:09'),(67,70,2,'2021-02-19 01:02:09','2015-03-07 14:36:29','2011-06-27 20:15:01','2021-02-19 02:36:20'),(68,91,1,'2012-04-08 16:31:46','2019-03-26 03:47:02','2017-08-10 10:50:59','2021-02-19 01:00:10'),(69,17,1,'2021-02-19 01:02:09','2014-03-10 17:01:02','2020-02-25 19:31:24','2021-02-19 02:36:20'),(70,41,2,'2014-12-17 17:43:34','2020-12-25 18:08:13','2013-04-25 12:22:13','2018-02-15 00:26:15'),(71,27,2,'2011-09-03 14:55:49','2012-04-02 10:26:49','2012-03-05 06:35:26','2021-02-19 01:00:10'),(72,33,3,'2021-02-19 01:02:09','2014-06-11 23:17:12','2016-10-21 07:53:05','2021-02-19 01:02:09'),(73,54,2,'2021-02-19 01:02:09','2019-12-07 22:50:33','2019-05-18 19:07:19','2021-02-19 02:36:20'),(74,39,2,'2016-10-27 16:25:09','2018-08-17 00:05:37','2020-10-20 23:32:34','2021-02-19 02:36:20'),(75,83,1,'2021-02-19 01:02:09','2012-04-02 05:20:10','2012-08-03 04:53:04','2021-02-19 01:02:09'),(76,84,1,'2011-05-07 16:21:32','2015-05-12 02:50:12','2020-08-09 18:04:43','2021-02-19 02:36:20'),(77,76,3,'2021-02-19 01:02:09','2015-08-13 12:20:07','2011-08-21 15:25:07','2021-02-19 02:36:20'),(78,30,2,'2015-06-19 08:30:55','2017-12-26 22:14:43','2017-07-12 20:31:14','2021-02-19 01:00:10'),(79,36,3,'2021-02-19 01:02:09','2012-07-28 16:45:05','2015-07-10 05:16:29','2021-02-19 02:36:20'),(80,42,2,'2013-05-18 05:02:12','2018-01-24 19:33:09','2017-08-29 08:20:18','2021-02-19 02:36:20'),(81,98,3,'2021-02-19 01:02:09','2012-09-20 19:04:19','2016-12-13 12:12:02','2021-02-19 02:36:20'),(82,32,2,'2021-02-19 01:02:09','2014-10-30 00:02:20','2017-01-06 07:16:31','2021-02-19 02:36:20'),(83,25,1,'2013-04-15 12:00:06','2020-05-16 13:23:01','2011-06-18 12:17:17','2020-07-02 05:51:44'),(84,58,1,'2021-02-19 01:02:09','2013-01-31 21:58:29','2013-03-13 14:43:32','2021-02-19 02:36:20'),(85,43,2,'2021-02-19 01:02:09','2014-12-10 16:46:55','2017-03-02 16:38:27','2021-02-19 02:36:20'),(86,94,2,'2021-02-19 01:02:09','2013-09-05 17:15:31','2013-07-05 04:02:03','2021-02-19 01:02:09'),(87,40,2,'2021-02-19 01:02:09','2016-05-24 00:41:43','2015-09-24 10:01:29','2021-02-19 01:02:09'),(88,59,2,'2021-02-19 01:02:09','2014-09-21 02:18:32','2011-09-25 21:31:13','2021-02-19 02:36:20'),(89,55,3,'2021-02-19 01:02:09','2014-07-19 17:02:16','2014-06-24 10:06:35','2021-02-19 01:02:09'),(90,64,1,'2021-02-19 01:02:09','2012-11-24 00:38:25','2018-02-08 10:35:39','2021-02-19 01:02:09'),(91,6,1,'2012-03-08 05:46:18','2016-12-25 01:49:58','2016-06-22 17:52:45','2021-02-19 02:36:20'),(92,61,2,'2013-12-02 12:12:27','2014-10-06 21:13:50','2014-01-16 10:39:51','2016-06-02 10:47:14'),(93,11,2,'2021-02-19 01:02:09','2016-01-27 03:29:30','2012-01-27 12:25:38','2021-02-19 01:02:09'),(94,89,2,'2013-01-16 20:17:51','2019-08-19 11:23:05','2014-09-15 06:46:17','2021-02-19 02:36:20'),(95,12,3,'2021-02-19 01:02:09','2012-04-16 23:35:15','2016-05-27 12:02:22','2021-02-19 02:36:20'),(96,18,3,'2018-10-10 01:40:25','2020-12-21 05:11:39','2018-06-29 08:56:10','2021-02-19 01:00:10'),(97,56,1,'2012-12-17 04:53:27','2017-08-07 03:11:58','2013-10-21 04:19:50','2021-02-19 02:36:20'),(98,66,2,'2021-02-19 01:02:09','2012-02-14 20:06:21','2019-02-14 06:23:19','2021-02-19 02:36:20'),(99,22,2,'2021-02-19 01:02:09','2015-03-10 22:24:50','2012-08-17 02:14:34','2021-02-19 01:02:09'),(100,46,3,'2021-02-19 01:02:09','2014-08-05 03:05:35','2011-03-18 01:51:38','2021-02-19 02:36:20');
/*!40000 ALTER TABLE `friendship` ENABLE KEYS */;
UNLOCK TABLES;

--
-- Table structure for table `friendship_statuses`
--

DROP TABLE IF EXISTS `friendship_statuses`;
/*!40101 SET @saved_cs_client     = @@character_set_client */;
/*!50503 SET character_set_client = utf8mb4 */;
CREATE TABLE `friendship_statuses` (
  `id` int unsigned NOT NULL AUTO_INCREMENT COMMENT '????????????? ??????',
  `name` varchar(150) CHARACTER SET utf8mb4 COLLATE utf8mb4_unicode_ci NOT NULL COMMENT '???????? ???????',
  `created_at` datetime DEFAULT CURRENT_TIMESTAMP COMMENT '????? ???????? ??????',
  `updated_at` datetime DEFAULT CURRENT_TIMESTAMP ON UPDATE CURRENT_TIMESTAMP COMMENT '????? ?????????? ??????',
  PRIMARY KEY (`id`),
  UNIQUE KEY `name` (`name`)
) ENGINE=InnoDB AUTO_INCREMENT=4 DEFAULT CHARSET=utf8mb4 COLLATE=utf8mb4_unicode_ci COMMENT='??????? ??????';
/*!40101 SET character_set_client = @saved_cs_client */;

--
-- Dumping data for table `friendship_statuses`
--

LOCK TABLES `friendship_statuses` WRITE;
/*!40000 ALTER TABLE `friendship_statuses` DISABLE KEYS */;
INSERT INTO `friendship_statuses` VALUES (1,'Requested','2021-02-19 02:36:07','2021-02-19 02:36:07'),(2,'Confirmed','2021-02-19 02:36:07','2021-02-19 02:36:07'),(3,'Rejected','2021-02-19 02:36:07','2021-02-19 02:36:07');
/*!40000 ALTER TABLE `friendship_statuses` ENABLE KEYS */;
UNLOCK TABLES;

--
-- Table structure for table `media`
--

DROP TABLE IF EXISTS `media`;
/*!40101 SET @saved_cs_client     = @@character_set_client */;
/*!50503 SET character_set_client = utf8mb4 */;
CREATE TABLE `media` (
  `id` int unsigned NOT NULL AUTO_INCREMENT COMMENT '????????????? ??????',
  `user_id` int unsigned NOT NULL COMMENT '?????? ?? ????????????, ??????? ???????? ????',
  `filename` varchar(255) CHARACTER SET utf8mb4 COLLATE utf8mb4_unicode_ci NOT NULL COMMENT '???? ? ?????',
  `size` int NOT NULL COMMENT '?????? ?????',
  `metadata` json DEFAULT NULL,
  `media_type_id` int unsigned NOT NULL COMMENT '?????? ?? ??? ????????',
  `created_at` datetime DEFAULT CURRENT_TIMESTAMP COMMENT '????? ???????? ??????',
  `updated_at` datetime DEFAULT CURRENT_TIMESTAMP ON UPDATE CURRENT_TIMESTAMP COMMENT '????? ?????????? ??????',
  PRIMARY KEY (`id`),
  CONSTRAINT `media_chk_1` CHECK (json_valid(`metadata`))
) ENGINE=InnoDB AUTO_INCREMENT=101 DEFAULT CHARSET=utf8mb4 COLLATE=utf8mb4_unicode_ci COMMENT='??????????';
/*!40101 SET character_set_client = @saved_cs_client */;

--
-- Dumping data for table `media`
--

LOCK TABLES `media` WRITE;
/*!40000 ALTER TABLE `media` DISABLE KEYS */;
INSERT INTO `media` VALUES (1,5,'http://dropbox.net/vk/nam.avi',47725,'{\"owner\": \"Mathilde Ferry\"}',1,'2013-10-09 05:07:29','2021-02-19 01:34:17'),(2,81,'http://dropbox.net/vk/sint.png',38745,'{\"owner\": \"Antonina VonRueden\"}',3,'2014-05-14 04:48:49','2021-02-19 02:21:09'),(3,90,'http://dropbox.net/vk/tenetur.mpeg',1549,'{\"owner\": \"Orion Schmitt\"}',2,'2016-06-28 17:02:07','2021-02-19 02:21:09'),(4,5,'http://dropbox.net/vk/ut.jpeg',9049,'{\"owner\": \"Mathilde Ferry\"}',2,'2012-09-03 06:37:58','2021-02-19 02:21:09'),(5,54,'http://dropbox.net/vk/unde.avi',27045,'{\"owner\": \"Lilyan Franecki\"}',2,'2013-09-06 22:37:43','2021-02-19 02:21:09'),(6,54,'http://dropbox.net/vk/eaque.png',46321,'{\"owner\": \"Lilyan Franecki\"}',3,'2021-01-18 00:22:39','2021-02-19 02:21:09'),(7,9,'http://dropbox.net/vk/et.jpeg',26826,'{\"owner\": \"Nyasia Skiles\"}',1,'2020-01-01 21:31:56','2021-02-19 02:21:09'),(8,84,'http://dropbox.net/vk/similique.jpeg',22277,'{\"owner\": \"Rudolph Hilll\"}',3,'2011-08-01 19:32:28','2021-02-19 01:34:17'),(9,92,'http://dropbox.net/vk/eum.png',13852,'{\"owner\": \"Santino Hintz\"}',3,'2016-03-07 11:56:02','2021-02-19 02:21:09'),(10,9,'http://dropbox.net/vk/nobis.avi',21346,'{\"owner\": \"Nyasia Skiles\"}',1,'2017-01-31 01:10:55','2021-02-19 02:21:09'),(11,66,'http://dropbox.net/vk/tempora.avi',48247,'{\"owner\": \"Rowan Ortiz\"}',1,'2011-06-11 23:55:59','2021-02-19 01:34:17'),(12,5,'http://dropbox.net/vk/est.jpeg',41115,'{\"owner\": \"Mathilde Ferry\"}',1,'2017-11-03 10:40:29','2021-02-19 02:21:09'),(13,26,'http://dropbox.net/vk/minus.mpeg',33286,'{\"owner\": \"Abigale Fay\"}',2,'2015-11-20 12:36:29','2021-02-19 02:21:09'),(14,14,'http://dropbox.net/vk/ratione.png',5516,'{\"owner\": \"Arlo Emard\"}',1,'2014-08-02 14:46:26','2021-02-19 02:21:09'),(15,91,'http://dropbox.net/vk/consequatur.mpeg',20971,'{\"owner\": \"Darron Hyatt\"}',1,'2014-02-26 22:58:53','2021-02-19 02:21:09'),(16,13,'http://dropbox.net/vk/velit.jpeg',36899,'{\"owner\": \"Candace Mraz\"}',2,'2012-02-24 09:52:13','2021-02-19 02:21:09'),(17,92,'http://dropbox.net/vk/sunt.png',15802,'{\"owner\": \"Santino Hintz\"}',2,'2012-12-22 00:39:34','2021-02-19 01:34:17'),(18,20,'http://dropbox.net/vk/qui.jpeg',37284,'{\"owner\": \"Adolph Daugherty\"}',1,'2017-03-30 20:50:38','2021-02-19 02:21:09'),(19,26,'http://dropbox.net/vk/aut.avi',33599,'{\"owner\": \"Abigale Fay\"}',2,'2011-02-25 02:11:54','2021-02-19 02:21:09'),(20,66,'http://dropbox.net/vk/reprehenderit.png',4534,'{\"owner\": \"Rowan Ortiz\"}',3,'2011-03-03 09:35:13','2021-02-19 02:21:09'),(21,52,'http://dropbox.net/vk/omnis.png',27047,'{\"owner\": \"Shana Nitzsche\"}',1,'2013-04-08 09:54:11','2021-02-19 01:34:17'),(22,62,'http://dropbox.net/vk/sit.avi',32396,'{\"owner\": \"Florida Schuster\"}',3,'2019-10-31 15:06:56','2021-02-19 02:21:09'),(23,52,'http://dropbox.net/vk/et.jpeg',26320,'{\"owner\": \"Shana Nitzsche\"}',3,'2012-12-15 16:04:48','2021-02-19 01:34:17'),(24,73,'http://dropbox.net/vk/et.avi',19454,'{\"owner\": \"Antonietta Howell\"}',2,'2015-09-22 03:47:18','2021-02-19 02:21:09'),(25,10,'http://dropbox.net/vk/possimus.jpeg',45450,'{\"owner\": \"Percy Nitzsche\"}',3,'2019-10-06 18:00:05','2021-02-19 02:21:09'),(26,30,'http://dropbox.net/vk/voluptatem.avi',43233,'{\"owner\": \"Aidan Jerde\"}',3,'2019-12-12 03:51:39','2021-02-19 02:21:09'),(27,20,'http://dropbox.net/vk/illum.mpeg',3316,'{\"owner\": \"Adolph Daugherty\"}',2,'2012-11-20 20:34:02','2021-02-19 01:34:17'),(28,11,'http://dropbox.net/vk/tenetur.png',16286,'{\"owner\": \"Osvaldo Mertz\"}',1,'2015-08-14 10:25:09','2021-02-19 02:21:09'),(29,92,'http://dropbox.net/vk/labore.avi',18187,'{\"owner\": \"Santino Hintz\"}',3,'2016-05-10 02:21:39','2021-02-19 02:21:09'),(30,26,'http://dropbox.net/vk/cumque.jpeg',21180,'{\"owner\": \"Abigale Fay\"}',3,'2018-08-14 12:37:35','2021-02-19 02:21:09'),(31,55,'http://dropbox.net/vk/nihil.avi',19024,'{\"owner\": \"Rowan Goodwin\"}',1,'2020-10-23 00:37:55','2021-02-19 01:34:17'),(32,95,'http://dropbox.net/vk/officia.png',18917,'{\"owner\": \"Teagan Heller\"}',2,'2012-12-12 09:19:55','2021-02-19 01:34:17'),(33,9,'http://dropbox.net/vk/amet.mpeg',45759,'{\"owner\": \"Nyasia Skiles\"}',1,'2014-09-08 03:09:08','2021-02-19 02:21:09'),(34,60,'http://dropbox.net/vk/id.jpeg',15536,'{\"owner\": \"Tobin McLaughlin\"}',1,'2012-02-11 09:35:45','2021-02-19 02:21:09'),(35,72,'http://dropbox.net/vk/quas.png',47384,'{\"owner\": \"Kristina Ledner\"}',1,'2015-10-27 07:13:36','2021-02-19 02:21:09'),(36,80,'http://dropbox.net/vk/corrupti.jpeg',30401,'{\"owner\": \"Lela Stroman\"}',3,'2014-02-21 08:23:00','2021-02-19 02:21:09'),(37,82,'http://dropbox.net/vk/neque.png',29207,'{\"owner\": \"Corrine Harvey\"}',3,'2015-01-27 02:33:12','2021-02-19 02:21:09'),(38,70,'http://dropbox.net/vk/corrupti.png',23379,'{\"owner\": \"Samir Lesch\"}',2,'2019-03-28 11:44:30','2021-02-19 02:21:09'),(39,5,'http://dropbox.net/vk/laborum.avi',35345,'{\"owner\": \"Mathilde Ferry\"}',3,'2016-09-20 21:00:31','2021-02-19 02:21:09'),(40,14,'http://dropbox.net/vk/saepe.png',42278,'{\"owner\": \"Arlo Emard\"}',2,'2017-08-26 17:20:00','2021-02-19 02:21:09'),(41,55,'http://dropbox.net/vk/fugit.avi',9967,'{\"owner\": \"Rowan Goodwin\"}',1,'2012-07-02 23:34:16','2021-02-19 01:34:17'),(42,34,'http://dropbox.net/vk/earum.png',11841,'{\"owner\": \"Rylee Satterfield\"}',2,'2011-05-17 13:52:05','2021-02-19 01:34:17'),(43,2,'http://dropbox.net/vk/necessitatibus.mpeg',4553,'{\"owner\": \"Morris Roberts\"}',1,'2015-11-12 16:03:20','2021-02-19 02:21:09'),(44,7,'http://dropbox.net/vk/qui.mpeg',32796,'{\"owner\": \"Natalie Rowe\"}',2,'2016-06-13 10:57:50','2021-02-19 02:21:09'),(45,29,'http://dropbox.net/vk/molestiae.avi',16156,'{\"owner\": \"Oral Leuschke\"}',3,'2016-09-04 20:36:09','2021-02-19 02:21:09'),(46,23,'http://dropbox.net/vk/soluta.avi',21079,'{\"owner\": \"Blake Murray\"}',1,'2019-06-25 23:36:15','2021-02-19 01:34:17'),(47,26,'http://dropbox.net/vk/autem.avi',49392,'{\"owner\": \"Abigale Fay\"}',3,'2018-10-17 14:48:20','2021-02-19 02:21:09'),(48,63,'http://dropbox.net/vk/laudantium.png',26132,'{\"owner\": \"Casimer Kessler\"}',3,'2015-01-14 17:29:25','2021-02-19 01:34:17'),(49,37,'http://dropbox.net/vk/ab.png',780791,'{\"owner\": \"General Towne\"}',1,'2011-10-23 12:33:29','2021-02-19 02:21:09'),(50,95,'http://dropbox.net/vk/et.jpeg',9553,'{\"owner\": \"Teagan Heller\"}',2,'2018-02-12 18:29:12','2021-02-19 02:21:09'),(51,63,'http://dropbox.net/vk/rerum.jpeg',14323,'{\"owner\": \"Casimer Kessler\"}',3,'2016-07-27 00:41:08','2021-02-19 02:21:09'),(52,28,'http://dropbox.net/vk/iure.mpeg',24515,'{\"owner\": \"Zander Conroy\"}',3,'2013-05-05 16:03:48','2021-02-19 02:21:09'),(53,53,'http://dropbox.net/vk/quasi.jpeg',46932,'{\"owner\": \"Everette Lakin\"}',2,'2018-09-11 18:00:35','2021-02-19 02:21:09'),(54,81,'http://dropbox.net/vk/autem.png',26493,'{\"owner\": \"Antonina VonRueden\"}',1,'2018-09-19 15:31:37','2021-02-19 02:21:09'),(55,44,'http://dropbox.net/vk/deleniti.png',34153,'{\"owner\": \"Albert Kutch\"}',3,'2018-01-10 10:30:42','2021-02-19 02:21:09'),(56,79,'http://dropbox.net/vk/nemo.png',43627,'{\"owner\": \"Aurelia Ruecker\"}',3,'2014-08-21 16:56:43','2021-02-19 02:21:09'),(57,60,'http://dropbox.net/vk/et.jpeg',41483,'{\"owner\": \"Tobin McLaughlin\"}',2,'2013-11-28 09:27:38','2021-02-19 01:34:17'),(58,61,'http://dropbox.net/vk/culpa.jpeg',41132,'{\"owner\": \"Ima Senger\"}',1,'2014-04-26 15:01:01','2021-02-19 02:21:09'),(59,28,'http://dropbox.net/vk/nostrum.mpeg',39933,'{\"owner\": \"Zander Conroy\"}',3,'2015-05-04 23:41:02','2021-02-19 02:21:09'),(60,54,'http://dropbox.net/vk/non.png',13109,'{\"owner\": \"Lilyan Franecki\"}',1,'2015-12-20 03:42:15','2021-02-19 02:21:09'),(61,85,'http://dropbox.net/vk/sint.avi',26930,'{\"owner\": \"Bianka Marks\"}',1,'2012-05-01 14:54:53','2021-02-19 01:34:17'),(62,62,'http://dropbox.net/vk/libero.png',46105,'{\"owner\": \"Florida Schuster\"}',1,'2013-05-26 17:58:42','2021-02-19 02:21:09'),(63,55,'http://dropbox.net/vk/id.jpeg',31072,'{\"owner\": \"Rowan Goodwin\"}',2,'2016-05-15 12:49:03','2021-02-19 02:21:09'),(64,89,'http://dropbox.net/vk/in.mpeg',48517,'{\"owner\": \"Ashley Herman\"}',1,'2013-11-06 21:35:28','2021-02-19 02:21:09'),(65,77,'http://dropbox.net/vk/ab.png',38748,'{\"owner\": \"Alvis Rogahn\"}',1,'2018-02-26 19:35:19','2021-02-19 02:21:09'),(66,21,'http://dropbox.net/vk/ullam.mpeg',43005,'{\"owner\": \"Allison Green\"}',3,'2020-09-09 18:37:38','2021-02-19 02:21:09'),(67,73,'http://dropbox.net/vk/natus.avi',40565,'{\"owner\": \"Antonietta Howell\"}',1,'2018-05-25 20:46:30','2021-02-19 02:21:09'),(68,100,'http://dropbox.net/vk/expedita.png',15908,'{\"owner\": \"Oliver Tillman\"}',3,'2012-09-25 09:46:59','2021-02-19 01:34:17'),(69,82,'http://dropbox.net/vk/et.jpeg',6595,'{\"owner\": \"Corrine Harvey\"}',2,'2011-05-19 08:05:44','2021-02-19 02:21:09'),(70,9,'http://dropbox.net/vk/animi.jpeg',45199,'{\"owner\": \"Nyasia Skiles\"}',2,'2016-10-01 02:06:02','2021-02-19 02:21:09'),(71,98,'http://dropbox.net/vk/et.mpeg',45693,'{\"owner\": \"Verna Gleichner\"}',2,'2015-12-16 04:49:10','2021-02-19 02:21:09'),(72,64,'http://dropbox.net/vk/pariatur.jpeg',7839,'{\"owner\": \"Elfrieda Berge\"}',3,'2013-12-04 12:40:39','2021-02-19 02:21:09'),(73,24,'http://dropbox.net/vk/quo.avi',27168,'{\"owner\": \"Jakob Hagenes\"}',1,'2015-12-09 08:02:56','2021-02-19 02:21:09'),(74,29,'http://dropbox.net/vk/illum.png',30570,'{\"owner\": \"Oral Leuschke\"}',3,'2017-05-16 20:49:16','2021-02-19 02:21:09'),(75,71,'http://dropbox.net/vk/cupiditate.jpeg',39287,'{\"owner\": \"Milan Volkman\"}',1,'2016-04-12 12:49:55','2021-02-19 02:21:09'),(76,67,'http://dropbox.net/vk/quod.mpeg',30924,'{\"owner\": \"Newell Macejkovic\"}',1,'2012-08-16 09:36:42','2021-02-19 01:34:17'),(77,22,'http://dropbox.net/vk/quia.mpeg',898224,'{\"owner\": \"Alfreda Windler\"}',1,'2013-01-31 05:53:58','2021-02-19 02:21:09'),(78,9,'http://dropbox.net/vk/iste.mpeg',46534,'{\"owner\": \"Nyasia Skiles\"}',3,'2014-09-24 19:25:17','2021-02-19 01:34:17'),(79,77,'http://dropbox.net/vk/expedita.mpeg',3797,'{\"owner\": \"Alvis Rogahn\"}',1,'2020-04-27 16:39:14','2021-02-19 02:21:09'),(80,59,'http://dropbox.net/vk/beatae.mpeg',48269,'{\"owner\": \"Lauretta Abshire\"}',1,'2015-09-29 10:25:20','2021-02-19 02:21:09'),(81,61,'http://dropbox.net/vk/velit.png',13233,'{\"owner\": \"Ima Senger\"}',2,'2020-02-18 10:13:47','2021-02-19 02:21:09'),(82,30,'http://dropbox.net/vk/accusantium.png',18833,'{\"owner\": \"Aidan Jerde\"}',3,'2014-03-29 19:59:09','2021-02-19 02:21:09'),(83,67,'http://dropbox.net/vk/delectus.avi',38611,'{\"owner\": \"Newell Macejkovic\"}',2,'2013-10-22 11:45:21','2021-02-19 02:21:09'),(84,43,'http://dropbox.net/vk/deserunt.avi',38280,'{\"owner\": \"Weston Monahan\"}',1,'2015-01-21 20:28:54','2021-02-19 02:21:09'),(85,15,'http://dropbox.net/vk/aut.jpeg',41415,'{\"owner\": \"Shirley O\'Kon\"}',1,'2017-10-10 10:47:55','2021-02-19 02:21:09'),(86,44,'http://dropbox.net/vk/iusto.png',46881,'{\"owner\": \"Albert Kutch\"}',1,'2011-10-22 02:06:25','2021-02-19 01:34:17'),(87,77,'http://dropbox.net/vk/fugiat.jpeg',12168,'{\"owner\": \"Alvis Rogahn\"}',2,'2017-12-17 16:33:34','2021-02-19 01:34:17'),(88,51,'http://dropbox.net/vk/minus.jpeg',30127,'{\"owner\": \"Corrine Wyman\"}',2,'2012-02-04 22:12:42','2021-02-19 02:21:09'),(89,23,'http://dropbox.net/vk/porro.avi',47522,'{\"owner\": \"Blake Murray\"}',2,'2019-02-21 14:44:12','2021-02-19 02:21:09'),(90,62,'http://dropbox.net/vk/inventore.mpeg',49115,'{\"owner\": \"Florida Schuster\"}',3,'2014-05-16 05:42:54','2021-02-19 02:21:09'),(91,40,'http://dropbox.net/vk/aut.jpeg',20657,'{\"owner\": \"Austyn Blanda\"}',3,'2012-04-14 12:23:23','2021-02-19 02:21:09'),(92,12,'http://dropbox.net/vk/quos.png',29679,'{\"owner\": \"Fatima Bogan\"}',3,'2018-12-17 20:29:24','2021-02-19 02:21:09'),(93,43,'http://dropbox.net/vk/est.png',20921,'{\"owner\": \"Weston Monahan\"}',1,'2013-11-09 03:40:08','2021-02-19 02:21:09'),(94,76,'http://dropbox.net/vk/et.jpeg',4265,'{\"owner\": \"Keaton Pollich\"}',2,'2018-12-16 07:09:04','2021-02-19 02:21:09'),(95,51,'http://dropbox.net/vk/ratione.png',25740,'{\"owner\": \"Corrine Wyman\"}',2,'2016-08-09 05:48:20','2021-02-19 02:21:09'),(96,26,'http://dropbox.net/vk/suscipit.png',42325,'{\"owner\": \"Abigale Fay\"}',3,'2015-06-05 03:57:43','2021-02-19 02:21:09'),(97,75,'http://dropbox.net/vk/nulla.mpeg',6271,'{\"owner\": \"Barry Kuhlman\"}',1,'2015-01-09 10:31:45','2021-02-19 02:21:09'),(98,97,'http://dropbox.net/vk/dicta.avi',38278,'{\"owner\": \"Stefan Reynolds\"}',2,'2012-03-28 16:19:01','2021-02-19 02:21:09'),(99,60,'http://dropbox.net/vk/quas.mpeg',42110,'{\"owner\": \"Tobin McLaughlin\"}',3,'2015-10-25 11:29:01','2021-02-19 02:21:09'),(100,10,'http://dropbox.net/vk/perspiciatis.avi',17772,'{\"owner\": \"Percy Nitzsche\"}',1,'2011-08-27 11:31:06','2021-02-19 02:21:09');
/*!40000 ALTER TABLE `media` ENABLE KEYS */;
UNLOCK TABLES;

--
-- Table structure for table `media_types`
--

DROP TABLE IF EXISTS `media_types`;
/*!40101 SET @saved_cs_client     = @@character_set_client */;
/*!50503 SET character_set_client = utf8mb4 */;
CREATE TABLE `media_types` (
  `id` int unsigned NOT NULL AUTO_INCREMENT COMMENT '????????????? ??????',
  `name` varchar(255) CHARACTER SET utf8mb4 COLLATE utf8mb4_unicode_ci NOT NULL COMMENT '???????? ????',
  `created_at` datetime DEFAULT CURRENT_TIMESTAMP COMMENT '????? ???????? ??????',
  `updated_at` datetime DEFAULT CURRENT_TIMESTAMP ON UPDATE CURRENT_TIMESTAMP COMMENT '????? ?????????? ??????',
  PRIMARY KEY (`id`),
  UNIQUE KEY `name` (`name`)
) ENGINE=InnoDB AUTO_INCREMENT=4 DEFAULT CHARSET=utf8mb4 COLLATE=utf8mb4_unicode_ci COMMENT='???? ???????????';
/*!40101 SET character_set_client = @saved_cs_client */;

--
-- Dumping data for table `media_types`
--

LOCK TABLES `media_types` WRITE;
/*!40000 ALTER TABLE `media_types` DISABLE KEYS */;
INSERT INTO `media_types` VALUES (1,'photo','2021-02-19 02:17:21','2021-02-19 02:17:21'),(2,'video','2021-02-19 02:17:21','2021-02-19 02:17:21'),(3,'audio','2021-02-19 02:17:21','2021-02-19 02:17:21');
/*!40000 ALTER TABLE `media_types` ENABLE KEYS */;
UNLOCK TABLES;

--
-- Table structure for table `messages`
--

DROP TABLE IF EXISTS `messages`;
/*!40101 SET @saved_cs_client     = @@character_set_client */;
/*!50503 SET character_set_client = utf8mb4 */;
CREATE TABLE `messages` (
  `id` int unsigned NOT NULL AUTO_INCREMENT COMMENT '????????????? ??????',
  `from_user_id` int unsigned NOT NULL COMMENT '?????? ?? ??????????? ?????????',
  `to_user_id` int unsigned NOT NULL COMMENT '?????? ?? ?????????? ?????????',
  `body` text CHARACTER SET utf8mb4 COLLATE utf8mb4_unicode_ci NOT NULL COMMENT '????? ?????????',
  `is_important` tinyint(1) DEFAULT NULL COMMENT '??????? ????????',
  `is_delivered` tinyint(1) DEFAULT NULL COMMENT '??????? ????????',
  `created_at` datetime DEFAULT CURRENT_TIMESTAMP COMMENT '????? ???????? ??????',
  PRIMARY KEY (`id`)
) ENGINE=InnoDB AUTO_INCREMENT=101 DEFAULT CHARSET=utf8mb4 COLLATE=utf8mb4_unicode_ci COMMENT='?????????';
/*!40101 SET character_set_client = @saved_cs_client */;

--
-- Dumping data for table `messages`
--

LOCK TABLES `messages` WRITE;
/*!40000 ALTER TABLE `messages` DISABLE KEYS */;
INSERT INTO `messages` VALUES (1,60,86,'Dolor eos soluta quaerat. Nemo itaque sint possimus sint. Adipisci quo vero veritatis. Iure occaecati et corrupti vitae.',1,1,'1980-01-29 00:00:00'),(2,50,93,'Rem autem alias inventore illum sint. Qui consequatur et consequatur vitae dolorum. Enim exercitationem porro sapiente rerum corrupti velit.',1,1,'1978-05-09 00:00:00'),(3,11,79,'Iste doloremque rem similique aperiam quos temporibus odit voluptates. Animi sit quisquam molestiae voluptas. Ea dolorem est unde blanditiis temporibus.',1,0,'1975-09-14 00:00:00'),(4,59,58,'Earum nobis fugiat culpa accusamus beatae. Quibusdam nulla quidem amet quis. Sunt rerum suscipit architecto rem eum consectetur. Deserunt velit et laboriosam debitis cum nostrum culpa officia.',1,1,'1979-05-27 00:00:00'),(5,13,89,'Quo expedita velit natus fuga numquam pariatur voluptate. Quae mollitia consequatur qui. Rem fugit ut iusto voluptatum quod rem minus. Quis explicabo ut esse pariatur.',1,0,'2015-05-05 00:00:00'),(6,5,59,'Dignissimos iure qui enim ut. Ea rerum qui dolor velit reprehenderit. Omnis maxime qui non non nostrum delectus. Sint est sit autem.',1,1,'2018-04-10 00:00:00'),(7,80,21,'Facilis ut molestiae itaque natus. Recusandae sit dolor vitae sequi fuga blanditiis. Non commodi qui qui aut itaque nihil.',1,0,'1975-10-28 00:00:00'),(8,64,58,'Doloribus voluptas error harum quos voluptatem deleniti. Ut et dolorem sed quis sed. Magni accusamus id iusto tenetur.',1,0,'1998-06-23 00:00:00'),(9,95,4,'Eos ea a alias sint ex laboriosam. Dolorum cupiditate a nobis eum ducimus cum quia. Voluptatem consequatur repellat ut dicta.',1,1,'2000-05-12 00:00:00'),(10,31,45,'Quis consequatur doloremque omnis. Dignissimos non est corporis minima molestias. Sunt et vel doloremque et veritatis reprehenderit. Consequatur voluptatem atque odio.',0,1,'1989-05-11 00:00:00'),(11,31,18,'Voluptas temporibus eveniet sunt porro. Animi expedita et nam nesciunt consequatur accusamus iure. Tempora laboriosam nihil facilis dolorem nobis. Odit eos quae aliquid.',1,1,'1974-01-09 00:00:00'),(12,97,31,'Deleniti et nihil et provident et dolor. Aut laboriosam eveniet accusantium error. Ut autem repellat ratione non.',1,0,'2003-03-16 00:00:00'),(13,63,21,'Dolore enim animi perferendis cumque autem ducimus quam id. Earum quia numquam adipisci deleniti dolor cum assumenda et.',0,1,'2018-03-14 00:00:00'),(14,14,9,'Natus assumenda quia et iusto minima consequatur sunt. Dicta nihil praesentium quia excepturi est similique occaecati. Blanditiis rerum esse animi rerum. Quia doloremque similique non quia.',1,1,'2005-06-20 00:00:00'),(15,2,82,'At sunt est fuga. Neque omnis odio eum porro vero. Autem sunt possimus amet mollitia enim debitis reprehenderit. Sed aut rerum aut perferendis molestiae provident autem.',0,0,'1997-12-04 00:00:00'),(16,4,73,'Rerum neque dolor id iste quos ut itaque eos. Iusto in harum atque non porro ullam et. A explicabo qui ex est rerum.',0,1,'2001-01-07 00:00:00'),(17,52,42,'Molestias praesentium nihil reiciendis voluptatum inventore optio ut. Deserunt quia numquam voluptatem non blanditiis. Et ut corrupti cumque.',1,1,'2012-09-26 00:00:00'),(18,54,44,'Distinctio nulla officiis ut omnis. Sed quo quis sint qui et. Eveniet iure molestiae voluptas omnis. Culpa voluptas eos facilis id.',0,1,'1982-07-09 00:00:00'),(19,56,49,'Nulla in explicabo perspiciatis iure quod est minima. Quas ut eius quia nihil mollitia ea dolor dolorem.',1,0,'2018-12-09 00:00:00'),(20,77,39,'Quasi cupiditate ratione ratione aut. Quo sapiente inventore et. Eligendi accusantium est quia quia placeat recusandae. Atque dolores aliquam impedit ut quaerat sunt quis.',0,1,'2010-08-11 00:00:00'),(21,61,87,'Eius in dignissimos quia sunt corrupti. Voluptatem qui commodi magni qui non debitis. Et accusantium quibusdam illum architecto quia consectetur. Beatae consequatur omnis atque autem.',0,0,'1995-12-09 00:00:00'),(22,51,93,'A perspiciatis iusto sunt numquam necessitatibus est error. Enim quia sed error eius eveniet. Voluptatem aut ut fuga voluptas. Corporis exercitationem qui et praesentium voluptates.',1,0,'1986-11-26 00:00:00'),(23,12,81,'Officia quae assumenda et qui eius vitae repellendus. Voluptas et quibusdam aspernatur qui animi voluptatibus. Consequatur possimus quibusdam aut illum hic.',0,1,'2008-03-05 00:00:00'),(24,67,95,'Sit voluptatem in quis porro temporibus quasi laborum est. Id ea illo culpa veritatis ad. Sint voluptatem cum perferendis nam velit dolor. Omnis in non aut aspernatur eligendi.',0,0,'1970-03-18 00:00:00'),(25,70,64,'Corporis consequatur a porro adipisci rerum eaque. Amet vitae iste inventore. Nobis repellat distinctio sequi porro laudantium consectetur repellendus.',1,0,'1978-11-02 00:00:00'),(26,11,61,'Aut et recusandae quae culpa dolores tenetur est. Alias doloremque ea velit quia. Occaecati et tempore in ea.',1,0,'1996-05-04 00:00:00'),(27,71,73,'Quasi nostrum est sunt dolorem illum debitis et. Distinctio ipsa quia et nobis ut. Cumque libero sed ipsa commodi asperiores aut aut. Et dignissimos voluptatem porro ex necessitatibus.',0,1,'2010-12-09 00:00:00'),(28,53,44,'Assumenda sapiente laudantium sunt beatae nobis animi. Aut est eveniet voluptas necessitatibus corrupti alias minus sequi. Nostrum rerum perspiciatis ullam quia magnam ipsa aspernatur.',1,1,'1987-05-11 00:00:00'),(29,60,69,'Et dolore reprehenderit commodi id. Et qui qui accusantium ab sed. Impedit sunt laborum qui blanditiis id sit. Voluptatem totam sunt tempore.',0,0,'2006-09-18 00:00:00'),(30,62,3,'Molestiae voluptatem aut enim aut eligendi unde. Voluptatibus iure velit et aperiam ad in dolor. Deserunt odio voluptate error earum repudiandae. Rem pariatur illum iste hic explicabo. Tenetur ut et aut aut quidem quaerat.',1,1,'1983-06-02 00:00:00'),(31,29,34,'Velit voluptates in ea maiores omnis id. Necessitatibus quia ut deleniti quis minima voluptates. Quia ipsa quam est quisquam autem. Autem quos minus autem ratione et id.',1,0,'1985-06-20 00:00:00'),(32,82,9,'Debitis provident eaque architecto eum fugit ea mollitia. Maxime odit quos laborum ut velit dolores. Ut animi sequi libero dolore ut ullam quam est.',0,0,'1978-11-07 00:00:00'),(33,100,71,'Fuga sint aut nihil animi. Voluptates alias minima voluptatem cum repudiandae rem. Quos facere debitis est consequuntur placeat maxime tempore reprehenderit.',0,0,'2017-12-07 00:00:00'),(34,56,67,'Non fuga tempora libero omnis voluptas tempora labore. Ullam dolor expedita quis exercitationem. Blanditiis exercitationem qui et consequatur et.',1,0,'1980-10-22 00:00:00'),(35,67,33,'Eum quasi voluptatem accusantium omnis ut. Labore dolorem et harum. Autem eum delectus rem possimus ullam. Illum architecto aut autem aspernatur alias fuga.',1,1,'1981-03-21 00:00:00'),(36,64,21,'Amet explicabo dolores quis et perferendis occaecati. Autem odit nesciunt harum nesciunt cumque aspernatur asperiores. Et pariatur qui ut sapiente delectus.',0,1,'2008-03-11 00:00:00'),(37,12,96,'Quidem possimus veritatis rerum. Inventore exercitationem quam nesciunt reiciendis est pariatur. Est id ut maxime quo.',0,0,'1978-03-05 00:00:00'),(38,43,26,'Deleniti et incidunt nostrum sed maiores. Molestias reiciendis consequuntur explicabo dolores aut facere. Molestiae nostrum sit deserunt nihil.',0,1,'1992-12-13 00:00:00'),(39,99,20,'Fugiat asperiores itaque vel voluptatem ipsa quae. Est qui facere cupiditate ipsa molestias. Voluptates corporis sint voluptatem amet non dolorum.',0,1,'1995-03-28 00:00:00'),(40,100,39,'Voluptatem officiis soluta qui esse ab mollitia ab. Unde omnis ducimus omnis dolor libero odio. Repellendus consequatur id rerum consequatur laudantium. Minus qui debitis quo minus.',1,1,'1992-05-30 00:00:00'),(41,94,53,'Dolores quam eveniet voluptas rem. Dignissimos voluptas quia totam et nobis et ad. Commodi consequatur ratione tempora ut magnam. Suscipit iure ut velit dicta. Tenetur aut maxime omnis ipsum.',0,0,'2001-05-21 00:00:00'),(42,84,60,'Rerum repellendus incidunt magni consectetur sequi. Molestias sed iste dolorum molestias asperiores est. Voluptatibus illo libero distinctio amet culpa. Deleniti ut voluptatem assumenda non id mollitia perspiciatis.',1,0,'1997-09-09 00:00:00'),(43,46,51,'Molestiae rerum molestias cumque enim aut velit. Voluptates necessitatibus rerum voluptas reprehenderit et vitae unde. Quam aut voluptatum voluptas qui omnis consequatur ut. Voluptas facilis qui corporis quaerat vel nihil. Voluptatem sit ut eos aut.',1,1,'1974-08-04 00:00:00'),(44,18,36,'Illo suscipit voluptatibus vero omnis nulla qui aut. Laudantium aut voluptas reiciendis labore et fugiat architecto voluptatem. Ut velit et eveniet corporis officiis omnis dolores. Corporis ut ad maxime. Quia recusandae nihil cumque illum et voluptatem.',0,0,'1998-04-23 00:00:00'),(45,25,16,'Quo delectus voluptatem ut dicta. Rerum hic eum laborum laboriosam ipsum eos earum. Provident quos nisi ducimus voluptatem et. Et velit quos minima quaerat.',1,1,'1999-04-29 00:00:00'),(46,5,75,'Voluptatum et accusantium quasi recusandae sint temporibus ea. Modi suscipit ut vero laborum. Quasi dolores vel molestiae ut beatae numquam. Aliquid voluptatibus ab ex aut autem. Est laborum voluptatibus tempore facere qui reiciendis aut.',0,1,'1983-09-05 00:00:00'),(47,62,82,'Provident et illum aperiam atque aut. Voluptate perferendis sunt exercitationem molestias est ipsum incidunt. Beatae nihil quia quia ea commodi. Laboriosam amet sed et et amet.',1,0,'1972-01-14 00:00:00'),(48,25,79,'Natus minus tenetur molestiae. Totam quia perferendis dolor quia veritatis vel modi quam. Fuga ut omnis eius voluptatem.',1,0,'1994-05-21 00:00:00'),(49,21,65,'Iusto veniam consectetur hic dolorem harum. Sed nulla aut totam tenetur tenetur sapiente. Dolorem eos et accusantium alias reprehenderit voluptas quia. Rerum officiis fugiat ipsum aut.',0,1,'1987-05-26 00:00:00'),(50,62,15,'Non et et libero nihil eos aut veniam. Error minus similique atque est explicabo. Voluptatibus commodi quasi quas quod inventore magnam nisi. Error officia accusantium rerum sed suscipit laborum maxime quisquam.',0,0,'1992-06-01 00:00:00'),(51,90,4,'Animi provident dicta debitis cumque. A itaque esse molestiae itaque aut alias ipsa ratione. Maxime nihil assumenda consequuntur aliquid in dolorem accusamus.',0,0,'2000-04-11 00:00:00'),(52,50,36,'Aut facere quasi saepe nihil rerum est. Odio veritatis tempora aliquid. Omnis corporis eum ea fugit quam dolores. Sunt molestias quas aperiam illum occaecati maiores dolorum.',1,1,'1998-04-07 00:00:00'),(53,28,33,'Aut nihil id maxime at. Repellat ut aperiam veniam ad.',0,1,'2007-02-11 00:00:00'),(54,81,3,'Ut nobis explicabo corrupti non. Harum minus dolores id dolore. Tempore et qui doloribus consequatur ut et. Et culpa itaque perspiciatis eligendi consequuntur molestiae non.',0,1,'2012-05-30 00:00:00'),(55,74,58,'Aliquid illum architecto enim voluptatum ut laborum dolores. Et voluptatum eum cum eveniet veniam velit quo error. Provident ipsam dolore et a ducimus modi neque expedita. Quas velit et omnis sit et ut voluptatum eos.',0,0,'1982-07-25 00:00:00'),(56,69,72,'Consequatur in minus est ullam debitis quaerat. Nostrum enim id facere maiores voluptate dolorem ducimus sapiente. Occaecati ex magni natus soluta voluptatibus consequatur enim.',0,1,'1978-06-14 00:00:00'),(57,52,44,'Laboriosam tempora expedita debitis ut quis aut. Aut cupiditate quos aut et minima sit et rerum. Ea aut voluptatem ducimus quasi saepe ullam qui. Sint tempore et autem.',0,1,'1973-04-28 00:00:00'),(58,61,75,'Laborum vel sed porro enim beatae aut. At nisi consectetur ea dolorem asperiores qui. Qui eaque incidunt adipisci libero quam cupiditate doloribus.',1,1,'2020-08-21 00:00:00'),(59,90,26,'Inventore quod veniam aliquam reiciendis sunt quas nam. Ex enim dolor quia. Eos repellat ex occaecati magnam vero saepe. Aut odit repellendus officiis necessitatibus id. Maiores nulla molestiae omnis.',1,0,'2016-02-07 00:00:00'),(60,60,21,'Enim ut earum quisquam odit sunt odit aut. At possimus iste illum modi quasi. Ex perferendis saepe sit recusandae eius incidunt.',1,0,'1983-11-17 00:00:00'),(61,26,65,'Maiores dolorem pariatur nesciunt dignissimos minima dolorum repellat. Ex et illum architecto illo magnam rem. Dignissimos ad ut quia rerum repellendus. Aliquam reprehenderit itaque facere quis eum.',0,1,'1992-03-26 00:00:00'),(62,47,41,'Tempora ab sed nostrum voluptatem neque unde. Placeat tempora voluptates culpa. Incidunt beatae facilis reiciendis incidunt modi. Hic odit quasi nihil itaque et sint numquam.',1,0,'1983-11-17 00:00:00'),(63,62,87,'Modi officiis commodi aperiam laboriosam ad dolores. Necessitatibus dolor blanditiis autem. Animi non facere neque sint quia provident.',0,0,'1994-11-09 00:00:00'),(64,47,76,'Provident pariatur nihil ad eaque. Aperiam porro sapiente sed et.',1,1,'1980-08-12 00:00:00'),(65,39,64,'Alias deserunt voluptates quis. Esse corrupti consequatur aliquam. Pariatur qui quae fugit expedita aut rerum. Temporibus voluptatem nihil mollitia soluta iure sequi.',0,1,'1974-12-17 00:00:00'),(66,5,32,'Alias placeat voluptatem commodi qui praesentium quo earum pariatur. Libero in ut laboriosam nobis facere architecto sed dolorem. Autem maxime et accusamus omnis quos nesciunt.',1,0,'1987-04-29 00:00:00'),(67,45,27,'Id nulla amet rerum. Et in voluptate consectetur in inventore nisi sed. Error molestiae nihil placeat neque voluptas quibusdam.',0,0,'1988-05-25 00:00:00'),(68,99,12,'Eum qui et quis. Cum ipsum eum eligendi quis nostrum totam. Minima doloribus quo alias facere non quod.',1,1,'2003-12-09 00:00:00'),(69,66,91,'Et eaque quia libero veniam harum corrupti sint. Soluta voluptas et minus. Voluptates corporis corporis eligendi. Sit quos rem aut soluta non.',0,0,'1984-12-06 00:00:00'),(70,58,16,'Vitae illum beatae est iusto omnis eligendi nostrum maxime. Labore quo quia facilis et quas ipsum ut. Doloribus ea fugiat at dicta sit. A consequatur qui ad voluptas velit itaque.',0,1,'1973-08-28 00:00:00'),(71,6,80,'Explicabo occaecati consectetur repudiandae debitis fugit. Ut repellendus est voluptas minus doloremque tempora quia.',0,1,'2017-09-12 00:00:00'),(72,84,78,'Distinctio rerum eum vero minima hic porro placeat. Voluptatem voluptates aut qui dolor. Adipisci atque itaque omnis veritatis qui. Ducimus fugit ipsa quae occaecati sit sequi. Quam quasi unde quibusdam qui.',0,0,'1990-08-13 00:00:00'),(73,39,62,'Nisi sunt sunt ut est. Autem aut est amet eligendi saepe. Dolor consequatur et officia porro.',1,1,'2005-06-26 00:00:00'),(74,90,63,'Corrupti sed corporis nihil consequatur impedit a provident. Consequuntur vel incidunt incidunt numquam. Mollitia voluptas cupiditate aliquam accusamus. Qui voluptatem sint omnis ducimus porro aliquid iusto.',0,1,'1977-10-06 00:00:00'),(75,44,32,'Debitis numquam tempora expedita quis numquam natus esse. Sint atque esse dolorum deleniti ea. Corporis perspiciatis adipisci aut id. Accusantium non qui voluptatem dolores iure doloremque. Magni recusandae et recusandae officia illo alias id quos.',0,1,'1982-10-25 00:00:00'),(76,25,31,'Corporis incidunt consequatur quibusdam sunt ut minima maiores a. Iure hic minima dolorem quos consequatur. Laudantium qui aspernatur quidem et soluta et inventore.',0,1,'2019-12-31 00:00:00'),(77,80,6,'Saepe quisquam vero veniam perferendis nihil. Et quod odit dolor minus praesentium. Tempora autem eos voluptas.',0,0,'2008-05-31 00:00:00'),(78,90,30,'Similique est explicabo ex. Quasi blanditiis enim quas aliquam. Nesciunt vitae harum sunt numquam ut ut aliquid. Exercitationem a ut ut.',0,1,'1987-03-27 00:00:00'),(79,81,14,'Voluptates et praesentium dolor accusamus voluptates saepe quaerat. Quos corrupti placeat et est ut.',0,1,'1983-06-10 00:00:00'),(80,27,90,'Atque quisquam praesentium beatae in ut sint dolores. Tempora omnis et consectetur id consequatur qui. Doloremque aut ut quis delectus nemo est. Et modi et omnis rerum.',0,1,'1970-08-15 00:00:00'),(81,72,88,'Aut quidem velit velit. In non aut dignissimos laborum. Autem quod tempora modi fugiat perspiciatis voluptatem. Et deleniti fugiat ut sit.',1,0,'1986-05-23 00:00:00'),(82,25,58,'Assumenda iste veritatis modi laudantium consectetur. Error voluptatum qui fugiat. Itaque voluptas doloremque labore atque repellendus autem. Facere sed aut ea deleniti.',0,1,'1992-08-27 00:00:00'),(83,14,96,'Nihil voluptatibus quis modi odio neque. Beatae eos eius unde minima voluptas rerum suscipit. Magnam enim rerum minus quia accusantium ex. Unde enim quasi ea quia autem facere sint.',1,0,'1986-06-08 00:00:00'),(84,37,96,'Nulla facere asperiores molestias. Dolor dolores ullam aut. Incidunt voluptas excepturi adipisci quia. Minima hic est libero dicta ducimus deleniti. Molestiae sit esse rerum accusamus.',1,0,'1992-02-29 00:00:00'),(85,68,52,'Eos in ab qui occaecati. Non eum qui doloremque. Quam commodi inventore molestias ut modi.',0,0,'2015-08-23 00:00:00'),(86,54,14,'Atque a qui voluptatibus quod iste laboriosam voluptas ab. Laudantium animi numquam et quidem similique enim. Et quia enim repudiandae ea voluptate sint. Ut animi rerum quae.',1,1,'1981-01-22 00:00:00'),(87,9,3,'Quia architecto et quia neque et. Ipsa eum ut ut dolores. Praesentium et rerum assumenda tempora et. Molestias ipsum neque aliquam quidem qui. Dolores temporibus rerum voluptas sint provident in voluptates.',0,1,'1983-04-16 00:00:00'),(88,88,28,'Quia illum magnam sit asperiores. Eius cumque praesentium omnis. Sit ab molestiae earum eligendi cum aut aut. Laborum occaecati hic earum perferendis sunt in.',1,1,'2009-05-20 00:00:00'),(89,75,91,'Velit a aperiam odit velit. Quam ut vitae autem fuga harum. Nesciunt dignissimos nesciunt temporibus culpa.',1,1,'1998-06-10 00:00:00'),(90,30,78,'Culpa voluptas perferendis ea sunt consequuntur. Rem nesciunt animi et qui reiciendis deserunt. Libero vel et rerum et adipisci rerum ut. Qui deleniti minus qui laudantium.',1,1,'1978-06-28 00:00:00'),(91,100,64,'Error et eligendi quos rem tempora quos. Dolorem quaerat architecto quia perspiciatis sed. Occaecati architecto omnis animi cumque delectus enim aut nam. Ut est quia dolores nisi error quo beatae.',0,0,'1995-01-31 00:00:00'),(92,20,6,'Vel facere iusto aliquam ut. Voluptatem tempora voluptas dicta laboriosam ut et a. Sequi ea voluptatem et qui autem eum.',0,1,'1985-09-30 00:00:00'),(93,71,38,'Magnam error quae et asperiores molestias veritatis rerum tenetur. Aut qui non vel repellendus sint. Vel sit reiciendis explicabo suscipit vel veniam. Voluptatem quibusdam dolorem esse at.',0,0,'2004-01-30 00:00:00'),(94,74,56,'Deleniti magnam in optio aliquid corrupti dolorum enim voluptate. Dignissimos explicabo asperiores assumenda nobis libero sit laboriosam. Magnam deleniti voluptatibus et error.',0,1,'1994-03-14 00:00:00'),(95,57,17,'Illo dignissimos accusamus perferendis ratione corrupti asperiores accusantium. Culpa voluptas eum ut est inventore ad est maiores. Est laborum perspiciatis suscipit aut assumenda provident et. Repellendus ea soluta molestiae.',0,1,'1989-11-02 00:00:00'),(96,12,8,'Et vel est rem quia alias. Et molestiae ut libero delectus. Nemo nisi molestias itaque nulla facere aliquam. Et eos sit repudiandae repellat eaque.',0,1,'2016-11-15 00:00:00'),(97,6,4,'Et qui autem dolor nesciunt. Vel architecto itaque qui minus qui vero laboriosam. Molestiae unde et officia in vel.',1,1,'1971-06-15 00:00:00'),(98,2,96,'Autem quia voluptatem aliquam aperiam voluptatem consequatur. Omnis et enim nihil rerum natus et deserunt. Voluptatum inventore fugiat id fuga libero. Reprehenderit autem quos sit dolorem ratione dicta.',0,0,'1980-10-22 00:00:00'),(99,74,80,'Facilis omnis ipsam dolore voluptatem modi optio cumque provident. Et enim ab aliquam dolor sequi. Vel maiores accusantium nobis aut tenetur aperiam eius. Dolorem architecto velit cupiditate sint sunt veniam sint esse. Totam aut voluptas aliquid officia voluptas delectus.',1,1,'1970-06-07 00:00:00'),(100,77,48,'Inventore labore quia atque deserunt dicta. Beatae quidem fugiat qui ab. Qui occaecati fugiat delectus fuga. Veniam facilis magnam possimus ut harum.',1,1,'1989-05-30 00:00:00');
/*!40000 ALTER TABLE `messages` ENABLE KEYS */;
UNLOCK TABLES;

--
-- Table structure for table `profiles`
--

DROP TABLE IF EXISTS `profiles`;
/*!40101 SET @saved_cs_client     = @@character_set_client */;
/*!50503 SET character_set_client = utf8mb4 */;
CREATE TABLE `profiles` (
  `user_id` int unsigned NOT NULL COMMENT '?????? ?? ????????????',
  `gender` enum('M','F') COLLATE utf8mb4_unicode_ci DEFAULT NULL,
  `birthday` date DEFAULT NULL COMMENT '???? ????????',
  `city` varchar(130) CHARACTER SET utf8mb4 COLLATE utf8mb4_unicode_ci DEFAULT NULL COMMENT '????? ??????????',
  `country` varchar(130) CHARACTER SET utf8mb4 COLLATE utf8mb4_unicode_ci DEFAULT NULL COMMENT '?????? ??????????',
  `created_at` datetime DEFAULT CURRENT_TIMESTAMP COMMENT '????? ???????? ??????',
  `updated_at` datetime DEFAULT CURRENT_TIMESTAMP ON UPDATE CURRENT_TIMESTAMP COMMENT '????? ?????????? ??????',
  PRIMARY KEY (`user_id`)
) ENGINE=InnoDB DEFAULT CHARSET=utf8mb4 COLLATE=utf8mb4_unicode_ci COMMENT='???????';
/*!40101 SET character_set_client = @saved_cs_client */;

--
-- Dumping data for table `profiles`
--

LOCK TABLES `profiles` WRITE;
/*!40000 ALTER TABLE `profiles` DISABLE KEYS */;
INSERT INTO `profiles` VALUES (1,'M','2013-03-26','Turnerburgh','Nepal','2015-08-23 17:31:49','2021-02-19 00:57:30'),(2,'M','1974-09-23','Prudenceshire','Comoros','2019-12-18 05:09:09','2021-02-19 00:57:30'),(3,'F','1990-01-28','East Kristofferhaven','Cambodia','2017-11-19 21:07:01','2021-02-19 00:57:30'),(4,'M','2001-09-26','Lebsackmouth','Swaziland','2018-04-15 02:07:22','2020-12-11 04:40:18'),(5,'M','2019-10-31','Justineport','Macao','2019-02-23 15:28:22','2020-05-28 02:05:51'),(6,'F','1997-05-01','Kallieburgh','Angola','2013-12-29 15:58:46','2017-11-14 23:09:49'),(7,'M','1987-11-30','Lake Leannestad','Zimbabwe','2017-05-24 05:52:32','2021-02-19 00:57:30'),(8,'M','2014-10-06','Lake Terence','Macedonia','2017-04-03 18:24:56','2021-02-19 00:57:30'),(9,'M','1989-11-22','South Kennaville','Bermuda','2011-03-16 20:43:31','2021-01-27 18:41:02'),(10,'M','1981-10-05','East Daviontown','Timor-Leste','2017-03-10 07:50:19','2019-09-24 04:19:55'),(11,'F','1996-08-30','South Roslynburgh','Guadeloupe','2018-08-10 20:45:25','2021-02-19 00:57:30'),(12,'M','2016-12-28','West Kelly','Sierra Leone','2014-05-23 17:11:36','2021-02-19 00:57:30'),(13,'M','2016-10-03','South Mitchelburgh','Algeria','2016-10-21 00:43:44','2019-03-21 10:34:41'),(14,'M','2017-04-15','Monicaland','Benin','2014-04-26 20:44:12','2021-02-19 00:57:30'),(15,'M','2020-12-10','East Elenor','Georgia','2016-06-04 21:34:56','2021-02-19 00:57:30'),(16,'F','1971-04-29','Arnaldoberg','Netherlands Antilles','2015-11-20 21:09:45','2021-02-19 00:57:30'),(17,'M','2004-09-03','Lake Hailee','Equatorial Guinea','2016-05-27 14:06:54','2021-02-19 00:57:30'),(18,'F','1975-02-15','New Rex','El Salvador','2013-03-10 16:09:53','2021-02-19 00:57:30'),(19,'M','1991-03-15','Sydniefort','Belize','2017-07-08 02:10:29','2019-11-17 16:09:56'),(20,'F','2013-08-07','New Virgieton','Vietnam','2018-02-10 15:30:17','2021-02-19 00:57:30'),(21,'F','1975-10-21','Lefflerberg','Lesotho','2013-03-16 16:42:02','2014-08-09 21:42:41'),(22,'M','2015-05-23','Loweton','Mauritius','2018-03-01 06:21:48','2021-02-19 00:57:30'),(23,'F','1989-04-23','Port Elvie','Saint Helena','2020-08-20 00:20:45','2021-02-19 00:57:30'),(24,'F','2009-10-23','Lake Bobbieville','Mauritania','2018-01-17 07:12:49','2021-02-19 00:57:30'),(25,'F','2012-02-09','Ernieburgh','Martinique','2020-09-19 11:40:53','2021-02-19 00:57:30'),(26,'F','1995-01-13','New Coleman','Bahrain','2016-07-03 00:00:36','2019-09-07 02:47:40'),(27,'M','2012-03-29','Pierceshire','Finland','2016-02-25 04:30:42','2016-11-10 01:57:01'),(28,'F','2019-11-27','Jastton','Honduras','2018-11-10 21:31:11','2021-02-19 00:57:30'),(29,'F','1997-03-06','South Krystelport','Palau','2015-05-24 10:57:23','2021-02-19 00:57:30'),(30,'M','1989-07-03','Lefflermouth','Suriname','2020-08-13 02:59:39','2021-02-19 00:57:30'),(31,'F','1975-04-21','Port Jefferyland','Greenland','2019-12-29 13:38:17','2021-02-19 00:57:30'),(32,'M','1983-09-22','East Vadaville','Togo','2012-10-05 05:21:45','2012-11-22 16:49:17'),(33,'F','1990-04-30','Flatleyhaven','Korea','2017-09-05 02:28:17','2018-11-27 08:57:43'),(34,'M','1988-07-06','East Asafurt','Guatemala','2017-10-06 04:05:09','2021-02-19 00:57:30'),(35,'F','1970-06-16','Lake Myronside','Netherlands Antilles','2015-03-22 20:38:35','2017-05-03 10:16:16'),(36,'F','2009-04-06','Port Shakira','Namibia','2012-08-11 16:40:51','2017-06-01 11:39:17'),(37,'M','2001-09-13','New Danteview','Armenia','2017-01-30 06:13:55','2021-02-16 07:34:18'),(38,'M','1978-05-10','Gerlachburgh','Lithuania','2020-07-28 10:37:54','2021-02-19 00:57:30'),(39,'M','2008-03-01','Mohrmouth','Tonga','2018-08-03 14:25:03','2021-02-19 00:57:30'),(40,'M','2002-12-27','East Deonteton','Sierra Leone','2015-08-03 01:58:59','2017-01-12 05:50:25'),(41,'M','1980-07-03','Dannietown','Angola','2019-02-01 13:13:51','2021-02-19 00:57:30'),(42,'F','2015-10-14','West Jayda','Zambia','2016-05-07 14:32:38','2021-02-19 00:57:30'),(43,'F','1974-05-10','Oletaton','Vietnam','2020-09-23 18:37:14','2021-02-19 00:57:30'),(44,'F','2017-04-04','New Jamilshire','Turks and Caicos Islands','2020-07-22 13:50:20','2021-02-19 00:57:30'),(45,'M','1983-05-01','McDermottport','Martinique','2017-09-09 11:03:35','2021-02-19 00:57:30'),(46,'M','1997-05-24','New Nash','Netherlands Antilles','2016-06-19 07:48:34','2021-02-19 00:57:30'),(47,'F','1990-08-09','Bechtelarshire','Bermuda','2012-07-16 06:48:42','2021-02-19 00:57:30'),(48,'F','2005-09-19','West Andres','Puerto Rico','2016-01-08 16:47:19','2017-09-16 12:59:31'),(49,'F','1977-08-21','North Terrancetown','Guinea-Bissau','2013-08-15 08:46:43','2021-02-19 00:57:30'),(50,'F','2009-10-09','Port Olaf','Vietnam','2012-12-12 17:13:48','2017-02-18 19:27:26'),(51,'F','2000-05-30','Strosinshire','Bangladesh','2012-02-01 15:34:09','2018-05-31 22:07:09'),(52,'F','1974-10-27','Noemytown','Sweden','2019-06-22 10:12:07','2021-02-19 00:57:30'),(53,'F','1981-04-11','North Ewellton','Haiti','2018-01-07 18:49:06','2021-02-19 00:57:30'),(54,'F','2013-05-18','Port Christophaven','South Africa','2015-12-13 08:44:14','2017-01-31 19:29:43'),(55,'F','2016-04-08','East Donnell','Algeria','2015-12-04 17:37:38','2021-02-19 00:57:30'),(56,'F','2008-08-18','Lake Zellachester','Svalbard & Jan Mayen Islands','2012-02-24 16:15:55','2013-09-24 09:49:26'),(57,'M','2018-12-05','Keeblertown','Cyprus','2012-05-25 22:10:39','2012-05-29 14:42:59'),(58,'M','1992-06-13','Langfurt','Bhutan','2011-06-09 06:33:40','2021-02-19 00:57:30'),(59,'M','1993-03-04','Hazelton','Uzbekistan','2019-11-19 07:05:47','2021-02-19 00:57:30'),(60,'M','1989-06-05','Christianahaven','Singapore','2018-04-09 04:40:15','2021-02-19 00:57:30'),(61,'F','1979-08-25','West Ardith','Holy See (Vatican City State)','2017-09-18 22:36:03','2021-02-19 00:57:30'),(62,'M','1987-09-29','Bennieside','Barbados','2015-01-15 22:13:00','2021-02-19 00:57:30'),(63,'M','2005-09-21','Grahamville','Jersey','2013-12-18 23:53:41','2015-10-02 03:07:38'),(64,'F','1981-12-28','Lake Lydiafurt','Liechtenstein','2015-08-28 22:21:53','2021-02-19 00:57:30'),(65,'M','1984-05-05','Lake Clay','South Georgia and the South Sandwich Islands','2016-11-27 06:52:53','2018-04-10 18:02:01'),(66,'M','2009-03-22','Port Gordontown','Finland','2011-11-13 09:04:25','2015-01-11 05:30:40'),(67,'M','2020-03-12','Gulgowskiside','United Arab Emirates','2012-12-14 16:05:15','2014-08-27 21:09:43'),(68,'M','1993-04-11','South Joeltown','Grenada','2012-08-19 20:34:17','2012-09-17 13:57:30'),(69,'M','1970-05-13','East Brandiview','Benin','2017-11-24 01:21:21','2020-10-09 07:55:00'),(70,'F','2000-08-20','East Tamiamouth','Germany','2012-05-08 01:32:05','2013-01-20 12:20:29'),(71,'M','2000-12-05','North Billie','Mayotte','2019-08-22 15:33:37','2021-02-19 00:57:30'),(72,'M','1987-07-29','Hoegerchester','Afghanistan','2020-10-09 01:10:43','2021-02-19 00:57:30'),(73,'M','1977-01-06','Harryville','Sierra Leone','2011-04-01 15:19:21','2020-01-23 10:09:47'),(74,'M','1990-09-30','East Lilian','Cyprus','2011-04-25 16:18:46','2015-08-25 15:11:31'),(75,'M','1971-01-31','Freddieshire','Bulgaria','2011-07-28 18:50:07','2018-11-29 08:27:57'),(76,'F','1983-09-07','South Koleburgh','Guyana','2016-12-30 18:01:01','2017-02-19 07:07:00'),(77,'M','1971-08-25','Lake Jodieville','Bangladesh','2016-04-04 22:01:11','2020-05-26 11:31:57'),(78,'M','2003-11-05','Port Bill','British Indian Ocean Territory (Chagos Archipelago)','2015-05-15 17:23:48','2017-09-07 07:38:23'),(79,'F','1982-05-01','Hickleberg','Brazil','2013-02-02 14:05:19','2017-05-31 21:30:03'),(80,'M','2004-07-27','Jermeyborough','Togo','2020-03-22 05:01:56','2021-02-19 00:57:30'),(81,'M','1997-02-03','Lake Claudie','Swaziland','2013-10-12 01:47:52','2014-07-22 16:41:57'),(82,'F','1973-12-27','South Ernestinemouth','Samoa','2018-05-22 14:08:04','2021-02-19 00:57:30'),(83,'F','2010-12-13','Port Ruben','Vanuatu','2012-01-07 02:19:43','2020-10-02 03:30:45'),(84,'F','2016-01-27','Port Remington','Uruguay','2016-07-23 20:34:23','2021-02-19 00:57:30'),(85,'M','1981-12-16','Tatumville','Australia','2015-08-29 07:18:00','2021-02-19 00:57:30'),(86,'F','2003-12-02','Grahamburgh','Montenegro','2018-04-23 15:48:09','2021-02-19 00:57:30'),(87,'F','2010-07-21','Lake Zella','Saint Barthelemy','2019-04-21 03:19:07','2021-02-19 00:57:30'),(88,'M','2001-02-14','Hegmannport','Montserrat','2019-11-17 03:23:19','2021-02-19 00:57:30'),(89,'F','1997-08-18','Port Jerald','Falkland Islands (Malvinas)','2015-11-14 00:18:41','2021-02-19 00:57:30'),(90,'F','1974-01-13','Andersonshire','Madagascar','2014-08-16 12:26:08','2020-03-07 13:28:45'),(91,'M','2010-03-29','North Stephan','Egypt','2011-03-03 13:05:14','2015-04-25 07:19:45'),(92,'M','2005-06-06','New Cristal','Saint Helena','2012-05-10 17:56:52','2016-09-15 13:41:14'),(93,'F','2012-02-09','Kemmerfort','Malta','2020-06-26 19:18:42','2021-02-19 00:57:30'),(94,'F','2019-07-09','Magaliberg','Saint Vincent and the Grenadines','2020-08-09 19:23:13','2021-02-19 00:57:30'),(95,'F','1980-10-28','Port Flossieside','New Zealand','2014-09-14 14:56:23','2019-08-05 17:38:20'),(96,'F','1977-01-15','North Wallaceview','Kuwait','2013-05-29 00:17:08','2018-11-28 16:22:38'),(97,'M','2013-03-13','Dallasmouth','Brazil','2019-05-26 11:22:52','2021-02-19 00:57:30'),(98,'M','1999-08-14','West Eileenview','Ukraine','2012-06-23 12:24:49','2018-03-22 06:31:38'),(99,'M','2012-09-23','Brownfurt','Russian Federation','2017-09-17 06:13:12','2018-02-17 05:57:58'),(100,'M','2021-01-09','Ferrymouth','Senegal','2011-03-28 14:09:20','2017-06-23 09:45:33');
/*!40000 ALTER TABLE `profiles` ENABLE KEYS */;
UNLOCK TABLES;

--
-- Table structure for table `users`
--

DROP TABLE IF EXISTS `users`;
/*!40101 SET @saved_cs_client     = @@character_set_client */;
/*!50503 SET character_set_client = utf8mb4 */;
CREATE TABLE `users` (
  `id` int unsigned NOT NULL AUTO_INCREMENT COMMENT '????????????? ??????',
  `first_name` varchar(100) CHARACTER SET utf8mb4 COLLATE utf8mb4_unicode_ci NOT NULL COMMENT '??? ????????????',
  `last_name` varchar(100) CHARACTER SET utf8mb4 COLLATE utf8mb4_unicode_ci NOT NULL COMMENT '??????? ????????????',
  `email` varchar(100) CHARACTER SET utf8mb4 COLLATE utf8mb4_unicode_ci NOT NULL COMMENT '?????',
  `phone` varchar(100) CHARACTER SET utf8mb4 COLLATE utf8mb4_unicode_ci NOT NULL COMMENT '???????',
  `created_at` datetime DEFAULT CURRENT_TIMESTAMP COMMENT '????? ???????? ??????',
  `updated_at` datetime DEFAULT CURRENT_TIMESTAMP ON UPDATE CURRENT_TIMESTAMP COMMENT '????? ?????????? ??????',
  PRIMARY KEY (`id`),
  UNIQUE KEY `email` (`email`),
  UNIQUE KEY `phone` (`phone`)
) ENGINE=InnoDB AUTO_INCREMENT=101 DEFAULT CHARSET=utf8mb4 COLLATE=utf8mb4_unicode_ci COMMENT='????????????';
/*!40101 SET character_set_client = @saved_cs_client */;

--
-- Dumping data for table `users`
--

LOCK TABLES `users` WRITE;
/*!40000 ALTER TABLE `users` DISABLE KEYS */;
INSERT INTO `users` VALUES (1,'Nichole','Schuppe','nienow.tierra@example.com','(664)567-4391','2014-11-09 14:04:15','2019-12-09 11:31:16'),(2,'Morris','Roberts','bradly.gleichner@example.net','788-650-5807x2410','2012-05-21 15:26:20','2015-01-05 02:57:07'),(3,'Gloria','McLaughlin','mandy90@example.net','098.941.4452x798','2017-08-20 09:59:17','2021-02-19 00:56:17'),(4,'Houston','Adams','suzanne.bartell@example.net','+75(2)9395750260','2017-02-07 10:28:15','2021-02-19 00:56:17'),(5,'Mathilde','Ferry','blittel@example.org','01799571148','2011-06-10 21:49:15','2013-08-16 10:50:10'),(6,'Alysson','Kub','bud.strosin@example.com','+26(4)9204382186','2014-03-13 16:25:43','2016-08-31 12:39:15'),(7,'Natalie','Rowe','streich.ayana@example.net','055-142-8873x7524','2020-02-10 19:00:38','2020-05-14 02:17:37'),(8,'Bridgette','Kreiger','melody.vandervort@example.com','1-467-041-6069x1758','2020-01-09 17:16:43','2020-01-14 09:13:03'),(9,'Nyasia','Skiles','oswald.waters@example.com','033-907-7923x071','2014-11-25 18:24:55','2018-12-10 11:43:19'),(10,'Percy','Nitzsche','geovanny81@example.net','288-302-5184','2020-03-18 04:21:32','2021-02-19 00:56:17'),(11,'Osvaldo','Mertz','forest77@example.org','02524758164','2018-09-11 03:35:52','2021-02-19 00:56:17'),(12,'Fatima','Bogan','christiansen.renee@example.org','503.740.2839x8551','2015-08-03 02:03:33','2018-06-19 05:54:28'),(13,'Candace','Mraz','mstanton@example.net','593.053.6179x46291','2012-03-30 09:19:08','2015-12-18 11:46:12'),(14,'Arlo','Emard','leannon.gaetano@example.com','1-663-511-8434x8886','2020-10-06 15:06:43','2021-02-19 00:56:17'),(15,'Shirley','O\'Kon','roderick91@example.com','613-715-8304','2011-07-21 10:52:55','2012-12-11 06:26:45'),(16,'Mandy','Satterfield','cierra52@example.net','529.576.6547x54450','2016-05-28 19:16:34','2021-02-19 00:56:17'),(17,'Kylee','Emmerich','cpacocha@example.net','1-945-067-7129','2013-09-23 20:47:54','2020-11-21 09:48:12'),(18,'Drew','Jenkins','romaguera.may@example.net','(643)068-6070','2012-09-20 21:41:13','2020-07-10 15:18:56'),(19,'Green','West','brisa30@example.net','+10(6)1350516241','2019-11-22 01:33:27','2021-02-19 00:56:17'),(20,'Adolph','Daugherty','toy.callie@example.com','(431)604-4207x7847','2020-04-15 12:13:05','2021-02-19 00:56:17'),(21,'Allison','Green','jeffery.stoltenberg@example.com','(314)411-1359x336','2017-07-22 16:54:02','2020-06-27 22:44:27'),(22,'Alfreda','Windler','fjohnston@example.net','06670386931','2014-08-23 03:41:46','2018-07-16 06:49:41'),(23,'Blake','Murray','anna.bernhard@example.com','882.023.1469x2983','2017-10-29 23:40:08','2021-02-19 00:56:17'),(24,'Jakob','Hagenes','co\'connell@example.com','(760)596-2172','2017-07-06 09:02:41','2021-02-19 00:56:17'),(25,'Roselyn','Prosacco','emelia.renner@example.com','1-557-710-0606x235','2011-05-20 11:46:23','2016-12-28 06:53:07'),(26,'Abigale','Fay','collins.mercedes@example.org','562.895.7064x379','2013-11-04 04:40:06','2021-02-19 00:56:17'),(27,'Camren','O\'Conner','krajcik.theresia@example.net','1-991-401-8402x57931','2013-06-17 06:32:03','2018-04-29 10:15:32'),(28,'Zander','Conroy','brian.bins@example.com','403.064.4601x43190','2011-05-11 02:12:19','2021-01-01 14:00:39'),(29,'Oral','Leuschke','tanner.spinka@example.org','233-423-7754','2011-08-25 22:50:38','2012-07-26 04:10:45'),(30,'Aidan','Jerde','keichmann@example.net','231-310-5511x38278','2018-02-14 13:24:47','2021-02-19 00:56:17'),(31,'Wellington','Douglas','sabina.berge@example.net','648.780.0986x21527','2013-03-12 02:45:20','2019-06-30 14:52:51'),(32,'Tiara','Hahn','hmccullough@example.com','+97(0)6968773653','2016-02-16 08:04:50','2016-09-30 07:35:37'),(33,'Felipe','Dooley','raquel.bayer@example.net','+57(8)3803848307','2020-01-18 15:05:30','2021-02-19 00:56:17'),(34,'Rylee','Satterfield','cornelius42@example.org','789-183-6395x498','2017-06-05 09:04:47','2021-02-19 00:56:17'),(35,'Yadira','Hartmann','liliane97@example.com','109.990.1485x9561','2012-04-27 12:56:20','2017-04-15 14:36:58'),(36,'Berneice','Dicki','johnny93@example.org','044.658.6213','2012-05-10 03:56:07','2014-12-21 21:35:08'),(37,'General','Towne','brendon.schmeler@example.org','+68(3)2703993893','2017-04-07 14:50:21','2021-02-19 00:56:17'),(38,'Angelita','Macejkovic','mhegmann@example.org','769-175-3446x4370','2013-03-18 05:13:11','2017-11-27 07:20:31'),(39,'Sammie','Ondricka','casper.audra@example.com','401.638.7952','2018-08-20 06:36:04','2021-02-19 00:56:17'),(40,'Austyn','Blanda','camden.hills@example.org','569-792-9368x060','2021-02-16 07:42:28','2021-02-19 00:56:17'),(41,'Estella','Maggio','ritchie.jordan@example.org','(917)083-1623x0066','2012-05-27 01:06:39','2017-12-10 10:29:20'),(42,'Hailey','Cummerata','urunolfsson@example.net','(613)155-4908x2423','2020-11-03 15:23:47','2021-02-19 00:56:17'),(43,'Weston','Monahan','felipe.boehm@example.org','(426)989-0924','2019-09-28 09:32:25','2021-02-19 00:56:17'),(44,'Albert','Kutch','minerva00@example.org','(702)729-9490x97911','2013-06-07 02:41:04','2019-10-01 19:16:38'),(45,'Emanuel','Steuber','liliane.abbott@example.com','(063)354-4498','2014-09-04 09:45:42','2016-08-30 00:27:11'),(46,'Andreane','Cremin','krajcik.billy@example.org','216-143-1185x92253','2016-04-19 06:33:59','2021-02-19 00:56:17'),(47,'Zakary','Bartell','rgaylord@example.net','(225)358-5939','2017-08-02 22:41:37','2021-02-19 00:56:17'),(48,'Payton','Dicki','destini64@example.org','203-208-2245','2014-04-05 10:12:08','2020-09-01 12:03:54'),(49,'Milan','Daniel','psimonis@example.org','1-136-298-6498x98372','2019-05-24 04:29:33','2020-07-04 18:39:05'),(50,'Karine','Fritsch','ygleason@example.com','(538)027-4106x34573','2016-10-08 16:27:21','2021-02-19 00:56:17'),(51,'Corrine','Wyman','lreinger@example.com','+45(0)8298182200','2020-03-29 19:20:43','2021-02-19 00:56:17'),(52,'Shana','Nitzsche','jerde.cicero@example.org','+09(9)4888416905','2018-12-16 01:34:38','2021-02-19 00:56:17'),(53,'Everette','Lakin','hubert.russel@example.org','1-441-296-3226','2018-06-14 09:15:07','2021-02-19 00:56:17'),(54,'Lilyan','Franecki','nathaniel78@example.org','155-948-4716','2017-12-13 17:29:04','2019-03-15 16:36:21'),(55,'Rowan','Goodwin','dameon.deckow@example.org','(381)444-7300','2013-09-04 12:12:53','2019-11-23 04:58:14'),(56,'Lamont','Runolfsdottir','senger.antonina@example.org','07200679021','2017-12-13 09:36:12','2021-02-19 00:56:17'),(57,'Diego','Mosciski','nikita27@example.com','(695)080-8516x84460','2018-08-06 08:25:37','2021-02-19 00:56:17'),(58,'Kaylin','Grimes','georgette.legros@example.net','756.634.4272x9423','2016-10-09 14:36:19','2021-02-19 00:56:17'),(59,'Lauretta','Abshire','ariane11@example.org','669-213-7638x0909','2017-05-31 05:39:31','2021-02-19 00:56:17'),(60,'Tobin','McLaughlin','hugh.lehner@example.org','375-164-8842','2017-07-22 08:00:04','2021-02-19 00:56:17'),(61,'Ima','Senger','patience22@example.com','438-597-1019','2015-05-21 03:08:29','2021-02-19 00:56:17'),(62,'Florida','Schuster','renner.kaya@example.net','(464)031-5668x33628','2015-05-29 01:49:54','2019-05-12 04:14:08'),(63,'Casimer','Kessler','vonrueden.stephanie@example.com','(489)737-7481x910','2012-09-28 12:27:46','2014-03-21 14:59:45'),(64,'Elfrieda','Berge','ihagenes@example.com','02181837463','2019-07-26 05:44:57','2021-02-19 00:56:17'),(65,'Bert','Johns','ihoppe@example.net','1-661-478-8485x001','2013-01-06 08:47:13','2016-03-26 15:58:20'),(66,'Rowan','Ortiz','ghand@example.com','(308)466-2386x5020','2020-07-01 07:23:23','2021-02-19 00:56:17'),(67,'Newell','Macejkovic','glover.nikki@example.net','(251)949-8796x4392','2015-01-18 09:44:57','2017-11-10 18:04:30'),(68,'Noemie','Gleason','rosenbaum.ressie@example.com','+60(1)9908136918','2014-02-19 09:34:35','2014-06-06 16:57:37'),(69,'Eusebio','Quitzon','gutmann.jovanny@example.com','(737)247-7230','2013-07-24 06:32:51','2018-02-16 18:37:11'),(70,'Samir','Lesch','kboyle@example.net','1-746-141-7331x929','2013-11-23 19:48:47','2018-07-04 22:33:20'),(71,'Milan','Volkman','goodwin.tressie@example.org','131-967-0050','2011-10-31 02:30:08','2014-04-04 20:24:46'),(72,'Kristina','Ledner','camylle65@example.com','(773)655-8003x6747','2018-03-24 22:47:29','2021-02-19 00:56:17'),(73,'Antonietta','Howell','shayne.bartell@example.com','(878)505-1461x4963','2014-10-06 16:56:35','2015-06-25 23:17:04'),(74,'Colt','Eichmann','mgerhold@example.net','+59(6)3681758798','2014-09-11 21:19:44','2021-02-19 00:56:17'),(75,'Barry','Kuhlman','elisabeth.gottlieb@example.com','1-541-815-7725','2019-02-20 03:03:56','2021-02-19 00:56:17'),(76,'Keaton','Pollich','madyson26@example.net','730-518-1762','2016-11-11 10:57:04','2021-02-19 00:56:17'),(77,'Alvis','Rogahn','ahalvorson@example.org','486-990-7746','2016-03-24 02:01:48','2021-02-19 00:56:17'),(78,'Emmanuel','Bartoletti','osvaldo.wisoky@example.net','+18(9)8689399913','2012-09-23 22:35:33','2021-02-19 00:56:17'),(79,'Aurelia','Ruecker','rosemarie.goldner@example.net','806.274.0122x090','2016-07-02 21:30:57','2017-01-26 13:26:19'),(80,'Lela','Stroman','uhessel@example.net','1-183-169-5079x7884','2018-07-20 05:29:16','2021-02-19 00:56:17'),(81,'Antonina','VonRueden','neha08@example.net','683.016.0856x8982','2011-11-13 03:28:01','2017-09-11 19:17:37'),(82,'Corrine','Harvey','abaumbach@example.org','1-591-478-5622','2015-09-03 13:16:31','2017-09-21 21:30:43'),(83,'Kyra','Weissnat','mdouglas@example.net','+05(3)4341991024','2014-08-26 19:12:39','2019-07-12 23:18:12'),(84,'Rudolph','Hilll','osinski.johnathan@example.com','(390)390-7357','2017-07-08 16:03:02','2021-02-19 00:56:17'),(85,'Bianka','Marks','johns.hilma@example.com','(705)166-8086','2020-10-27 03:31:27','2021-02-19 00:56:17'),(86,'Roxane','Johnson','ztillman@example.com','(234)981-0245x6945','2012-02-23 01:45:20','2012-05-28 06:31:32'),(87,'Alisha','Windler','rhea.balistreri@example.org','921-479-9552x0092','2020-08-27 20:05:35','2021-02-19 00:56:17'),(88,'Alexie','Rosenbaum','elwin.bogan@example.com','01791486859','2015-07-10 12:32:38','2020-02-29 05:08:00'),(89,'Ashley','Herman','lrolfson@example.com','732.614.7560x441','2012-04-03 13:56:18','2012-11-21 13:23:57'),(90,'Orion','Schmitt','spencer.tracey@example.com','815.258.8258','2013-03-15 11:24:31','2021-02-19 00:56:17'),(91,'Darron','Hyatt','vandervort.barney@example.org','087.923.2784','2012-05-12 00:49:00','2013-09-25 19:54:32'),(92,'Santino','Hintz','lonie53@example.org','535-463-5612','2018-07-10 01:26:44','2020-09-04 01:50:35'),(93,'Augustus','Thiel','irving28@example.com','(640)782-7578','2017-08-09 05:45:43','2018-09-07 15:15:23'),(94,'Noble','Luettgen','eileen19@example.com','00909162795','2018-04-05 19:39:57','2021-02-19 00:56:17'),(95,'Teagan','Heller','o\'reilly.loren@example.com','1-413-002-6919','2012-03-10 17:41:31','2020-03-13 09:46:01'),(96,'Elta','Sawayn','vmertz@example.com','1-664-741-0442','2020-05-13 01:00:19','2021-02-19 00:56:17'),(97,'Stefan','Reynolds','schiller.charlotte@example.com','+82(9)4196996884','2020-12-06 23:15:15','2021-02-19 00:56:17'),(98,'Verna','Gleichner','hansen.claire@example.org','1-058-872-3873','2012-02-18 11:39:54','2014-12-20 15:14:00'),(99,'Rae','Kulas','frath@example.net','+66(9)0015843195','2017-07-13 03:06:13','2019-01-10 16:12:08'),(100,'Oliver','Tillman','qfranecki@example.com','(782)732-2742','2017-08-01 07:38:01','2018-07-29 05:09:43');
/*!40000 ALTER TABLE `users` ENABLE KEYS */;
UNLOCK TABLES;
/*!40103 SET TIME_ZONE=@OLD_TIME_ZONE */;

/*!40101 SET SQL_MODE=@OLD_SQL_MODE */;
/*!40014 SET FOREIGN_KEY_CHECKS=@OLD_FOREIGN_KEY_CHECKS */;
/*!40014 SET UNIQUE_CHECKS=@OLD_UNIQUE_CHECKS */;
/*!40101 SET CHARACTER_SET_CLIENT=@OLD_CHARACTER_SET_CLIENT */;
/*!40101 SET CHARACTER_SET_RESULTS=@OLD_CHARACTER_SET_RESULTS */;
/*!40101 SET COLLATION_CONNECTION=@OLD_COLLATION_CONNECTION */;
/*!40111 SET SQL_NOTES=@OLD_SQL_NOTES */;

-- Dump completed on 2021-02-19  2:50:21
